Cites,Authors,Title,Year,Source,Publisher,ArticleURL,CitesURL,GSRank,QueryDate,Type,DOI,ISSN,CitationURL,Volume,Issue,StartPage,EndPage,ECC
0,"Daniela Chmelova, Miroslav Ondrejovic","Purification and characterization of extracellular laccase produced by Ceriporiopsis subvermispora and decolorization of triphenylmethane dyes",2016,"JOURNAL OF BASIC MICROBIOLOGY","","","",1,"2017-01-06","Journal article","10.1002/jobm.201600152","0233-111X","",56,11,1173,1182,0
0,"Lubomir Machynak, Frantisek Cacho, Martin Nemecek, Ernest Beinrohr","Determination of trace concentrations of chlorine in aqueous solutions by high-resolution continuum source graphite furnace molecular absorption spectrometry",2016,"SPECTROCHIMICA ACTA PART B-ATOMIC SPECTROSCOPY","","","",2,"2017-01-06","Journal article","10.1016/j.sab.2016.10.006","0584-8547","",125,0,140,145,0
0,"Jarmila Farkasovska, Andrej Godany","Characterization of the N-Terminal Catalytic Domain of Lyt mu 1/6, an Endolysin from Streptomyces aureofaciens Phage mu 1/6",2016,"CURRENT MICROBIOLOGY","","","",3,"2017-01-06","Journal article","10.1007/s00284-016-1100-2","0343-8651","",73,4,602,610,0
0,"Lukas Smolko, Juraj Cernak, Juraj Kuchar, Jozef Miklovic, Roman Boca","Novel Co(III)/Co(II) mixed valence compound [Co(bapen)Br-2](2)[CoBr4] (bapen = N,N '-bis(3-aminopropyl)ethane-1,2-diamine): Synthesis, crystal structure and magnetic properties",2016,"JOURNAL OF MOLECULAR STRUCTURE","","","",4,"2017-01-06","Journal article","10.1016/j.molstruc.2016.04.081","0022-2860","",1119,0,437,441,0
0,"Denisa Partelova, Miroslav Hornik, Juraj Lesny, Pavol Rajec, Peter Kovac, Stanislav Hostin","Imaging and analysis of thin structures using positron emission tomography: Thin phantoms and in vivo tobacco leaves study",2016,"APPLIED RADIATION AND ISOTOPES","","","",5,"2017-01-06","Journal article","10.1016/j.apradiso.2016.05.020","0969-8043","",115,0,87,96,0
0,"Juraj Krajcovic","Chloroplast molecular genetics and its biotechnology applications",2016,"JOURNAL OF BIOTECHNOLOGY","","","",6,"2017-01-06","Journal article","10.1016/j.jbiotec.2016.05.043","0168-1656","",231,0,0,0,0
0,"Tibor Maliar, Peter Nemecek, Michaela Havrlentova, Erik Kroslak, Maria Maliarova","Biological activities of agrarian crop extracts like a therapeutic alternative",2016,"JOURNAL OF BIOTECHNOLOGY","","","",7,"2017-01-06","Journal article","10.1016/j.jbiotec.2016.05.057","0168-1656","",231,0,0,0,0
0,"Lukas Smolko, Juraj Cernak, Michal Dusek, Jan Titis, Roman Boca","Tetracoordinate Co(II) complexes containing bathocuproine and single molecule magnetism",2016,"NEW JOURNAL OF CHEMISTRY","","","",8,"2017-01-06","Journal article","10.1039/c6nj00372a","1144-0546","",40,8,6593,6598,0
0,"Hana Vejsadova, Pavel Matiska, Bohus Obert, Eva Urgeova, Anna Pretova","Somatic embryogenesis in Phlox paniculata - histological analysis",2016,"BIOLOGIA","","","",9,"2017-01-06","Journal article","10.1515/biolog-2016-0100","0006-3088","",71,7,763,768,0
0,"Stefan Janecek, Birte Svensson","Amylolytic glycoside hydrolases",2016,"CELLULAR AND MOLECULAR LIFE SCIENCES","","","",10,"2017-01-06","Journal article","10.1007/s00018-016-2240-z","1420-682X","",73,14,2601,2602,0
1,"Stefan Janecek, Marek Gabriko","Remarkable evolutionary relatedness among the enzymes and proteins from the alpha-amylase family",2016,"CELLULAR AND MOLECULAR LIFE SCIENCES","","","",11,"2017-01-06","Journal article","10.1007/s00018-016-2246-6","1420-682X","",73,14,2707,2725,1
0,"Juraj Pivko, V. Alexander Makarevich, Elena Kubovicova, Jan Rafay, Peter Chrenek","ULTRASTRUCTURAL CHANGES IN THE CYCLIC CORPUS LUTEUM OF DAIRY COWS WITH DIFFERENT BODY CONDITION",2016,"ACTA VETERINARIA-BEOGRAD","","","",12,"2017-01-06","Journal article","10.1515/acve-2016-0021","0567-8315","",66,2,245,256,0
1,"Erik Klein, Jan Rimarcik, Erika Senajova, Adam Vaganek, Jozef Lengyel","Deprotonation of flavonoids severely alters the thermodynamics of the hydrogen atom transfer",2016,"COMPUTATIONAL AND THEORETICAL CHEMISTRY","","","",13,"2017-01-06","Journal article","10.1016/j.comptc.2016.04.004","2210-271X","",1085,0,7,17,1
1,"Cyril Rajnak, Alena Packova, Jan Titis, Jozef Miklovic, Jan Moncol', Roman Boca","A tetracoordinate Co(II) single molecule magnet based on triphenylphosphine and isothiocyanato group",2016,"POLYHEDRON","","","",14,"2017-01-06","Journal article","10.1016/j.poly.2016.02.026","0277-5387","",110,0,85,92,1
0,"Ingrid Lajdova, Viera Spustova, Adrian Oksa, Jr. Chorvat, Dusan, Alzbeta Marcek Chorvatova","THE EFFECT OF VITAMIN D-3 SUPPLEMENTATION ON P2X(7) RECEPTOR FUNCTION IN EARLY STAGES OF CHRONIC KIDNEY DISEASE",2016,"NEPHROLOGY DIALYSIS TRANSPLANTATION","","","",15,"2017-01-06","Journal article","","0931-0509","",31,0,347,348,0
0,"Katarina Jansakova, Janka Babickova, Michaela Havrlentova, Julius Hodosy, Jan Kraic, Peter Celec, L'ubomira Tothova","The effects of anthocyanin-rich wheat diet on the oxidative status and behavior of rats",2016,"CROATIAN MEDICAL JOURNAL","","","",16,"2017-01-06","Journal article","10.3325/cmj.2016.57.119","0353-9504","",57,2,119,129,0
0,"Anna Piecha-Bisiorek, Alina Bienko, Ryszard Jakubas, Roman Boca, Marek Weselski, Vasyl Kinzhybalo, Adam Pietraszko, Martyna Wojciechowska, Wojciech Medycki, Danuta Kruk","Physical and Structural Characterization of Imidazolium-Based Organic-Inorganic Hybrid: (C3N2H5)(2)[CoCl4]",2016,"JOURNAL OF PHYSICAL CHEMISTRY A","","","",17,"2017-01-06","Journal article","10.1021/acs.jpca.5b11924","1089-5639","",120,12,2014,2021,0
0,"Anna Vrablova, Larry R. Falvello, Javier Campo, Jozef Miklovic, Roman Boca, Juraj Cernak, Milagros Tomas","Preparation, First Structure Analysis, and Magnetism of the Long-Known Nickel Benzoate Trihydrate - A Linear Ni center dot center dot center dot Ni center dot center dot center dot Ni Polymer and Its Parallels with the Active Site of Urease",2016,"EUROPEAN JOURNAL OF INORGANIC CHEMISTRY","","","",18,"2017-01-06","Journal article","10.1002/ejic.201501255","1434-1948","",0,6,928,934,0
1,"Peter Skorna, Jan Rimarcik, Peter Poliak, Vladimir Lukes, Erik Klein","Thermodynamic study of vitamin B6 antioxidant potential",2016,"COMPUTATIONAL AND THEORETICAL CHEMISTRY","","","",19,"2017-01-06","Journal article","10.1016/j.comptc.2015.10.010","2210-271X","",1077,0,32,38,1
1,"Anna Sunovska, Veronika Hasikova, Miroslav Hornik, Martin Pipiska, Stanislav Hostin, Juraj Lesny","Removal of Cd by dried biomass of freshwater moss Vesicularia dubyana: batch and column studies",2016,"DESALINATION AND WATER TREATMENT","","","",20,"2017-01-06","Journal article","10.1080/19443994.2015.1026281","1944-3994","",57,6,2657,2668,1
0,"Zuzana Bystricka, Roman Bystricky, Jozef Lehotay","Thermodynamic study of HPLC enantioseparations of some sulfur-containing amino acids on teicoplanin columns in ion-pairing reversed-phase mode",2016,"JOURNAL OF LIQUID CHROMATOGRAPHY & RELATED TECHNOLOGIES","","","",21,"2017-01-06","Journal article","10.1080/10826076.2016.1247715","1082-6076","",39,16,775,781,0
0,"Iveta Dirgova Luptakova, Marek Simon, Ladislav Huraj, Jiri Pospichal","Neural Gas Clustering Adapted for Given Size of Clusters",2016,"MATHEMATICAL PROBLEMS IN ENGINEERING","","","",22,"2017-01-06","Journal article","10.1155/2016/9324793","1024-123X","",0,0,0,0,0
0,"Rupak Banik, Subhadip Roy, Lubor Dlhan, Jan Titis, Roman Boca, Alexander M. Kirillov, Adam D. Martin, Antonio Bauza, Antonio Frontera, Antonio Rodriguez-Dieguez, Juan M. Salas, Subrata Das","Self-assembly synthesis, structure, topology, and magnetic properties of a mononuclear Fe(III)-violurate derivative: a combined experimental and theoretical study",2016,"DALTON TRANSACTIONS","","","",23,"2017-01-06","Journal article","10.1039/c6dt03139k","1477-9226","",45,41,16166,16172,0
0,"Katarina Banicova","THE CONTROL IN MUNICIPALITY SELF-GOVRNMENT OF THE SLOVAK REPUBLIC",2016,"AD ALTA-JOURNAL OF INTERDISCIPLINARY RESEARCH","","","",24,"2017-01-06","Journal article","","1804-7890","",6,1,7,9,0
0,"Xiaoyu Chen, Weisong Mu, Siekel Peter, Xiaoshuan Zhang, Zhiqiang Zhu","The effects of constant concentrations of sulfur dioxide on the quality evolution of postharvest table grapes",2016,"JOURNAL OF FOOD AND NUTRITION RESEARCH","","","",25,"2017-01-06","Journal article","","1336-8672","",55,2,114,120,0
1,"Susanta Hazra, Jan Titis, Dusan Valigura, Roman Boca, Sasankasekhar Mohanta","Bis-phenoxido and bis-acetato bridged heteronuclear {(CoDyIII)-Dy-III} single molecule magnets with two slow relaxation branches",2016,"DALTON TRANSACTIONS","","","",26,"2017-01-06","Journal article","10.1039/c6dt00848h","1477-9226","",45,17,7510,7520,1
3,"Alena Packova, Jozef Miklovic, Roman Boca","Manifold relaxation processes in a mononuclear Co(II) single-molecule magnet",2015,"POLYHEDRON","","","",27,"2017-01-06","Journal article","10.1016/j.poly.2015.08.002","0277-5387","",102,0,88,93,3
0,"Affiba Florance Kouassi, Mawa Kone, Melalie Keita, Akori Esmel, Eugene Megnassan, Yao Thomas N'Guessan, Vladimir Frecer, Stanislav Miertus","Computer-Aided Design of Orally Bioavailable Pyrrolidine Carboxamide Inhibitors of Enoyl-Acyl Carrier Protein Reductase of Mycobacterium tuberculosis with Favorable Pharmacokinetic Profiles",2015,"INTERNATIONAL JOURNAL OF MOLECULAR SCIENCES","","","",28,"2017-01-06","Journal article","10.3390/ijms161226196","1422-0067","",16,12,29744,29771,0
0,"Daniel Mihalik, Lenka Klcova, Katarina Ondreickova, Martina Hudcovicova, Marcela Gubisova, Tatiana Klempova, Milan Certik, Janos Pauk, Jan Kraic","Biosynthesis of Essential Polyunsaturated Fatty Acids in Wheat Triggered by Expression of Artificial Gene",2015,"INTERNATIONAL JOURNAL OF MOLECULAR SCIENCES","","","",29,"2017-01-06","Journal article","10.3390/ijms161226137","1422-0067","",16,12,30046,30060,0
1,"Anita Andicsova-Eckstein, Erika Kozma, Zita Puterova-Tokarova, Daniel Vegh","Direct trifluoroacetylation of mono- and disubstituted thiophene derivatives",2015,"JOURNAL OF FLUORINE CHEMISTRY","","","",30,"2017-01-06","Journal article","10.1016/j.jfluchem.2015.10.011","0022-1139","",180,0,272,275,1
0,"Vladimir Fristak, Wolfgang Friesl-Hanl, Anna Wawra, Martin Pipiska, Gerhard Soja","Effect of biochar artificial ageing on Cd and Cu sorption characteristics",2015,"JOURNAL OF GEOCHEMICAL EXPLORATION","","","",31,"2017-01-06","Journal article","10.1016/j.gexplo.2015.09.006","0375-6742","",159,0,178,184,0
0,"Maria Maliarova, Viera Mrazova, Michaela Havrlentova, Jozef Sokol","Optimization of Parameters for Extraction of Avenanthramides from Oat (Avena sativa L.) Grain Using Response Surface Methodology (RSM)",2015,"JOURNAL OF THE BRAZILIAN CHEMICAL SOCIETY","","","",32,"2017-01-06","Journal article","10.5935/0103-5053.20150233","0103-5053","",26,11,2369,2378,0
0,"Tibor Maliar, Gabriela Slaba, Peter Nemecek, Maria Maliarova, Michaela Benkova, Michaela Havrlentova, Miroslav Ondrejovic, Jan Kraic","Antioxidants, Enzyme Inhibitors, and Biogenic Compounds in Grain Extracts of Barleys",2015,"CHEMISTRY & BIODIVERSITY","","","",33,"2017-01-06","Journal article","10.1002/cbdv.201400419","1612-1872","",12,11,1678,1695,0
2,"Jaroslav Vatral, Roman Boca, Wolfgang Linert","Oxidation properties of dopamine at and near physiological conditions",2015,"MONATSHEFTE FUR CHEMIE","","","",34,"2017-01-06","Journal article","10.1007/s00706-015-1560-2","0026-9247","",146,11,1799,1805,2
0,"Vladimir Fristak, Martin Pipiska, Maria Novakova, Juraj Lesny, Alena Packova","Sorption separation of cadmium from aqueous solutions by alginite material: kinetic and equilibrium study",2015,"DESALINATION AND WATER TREATMENT","","","",35,"2017-01-06","Journal article","10.1080/19443994.2014.935811","1944-3994","",56,2,379,387,0
3,"Stefan Janecek, Andrea Kuchtova, Sona Petrovicova","A novel GH13 subfamily of alpha-amylases with a pair of tryptophans in the helix alpha 3 of the catalytic TIM-barrel, the LPDlx signature in the conserved sequence region V and a conserved aromatic motif at the C-terminus",2015,"BIOLOGIA","","","",36,"2017-01-06","Journal article","10.1515/biolog-2015-0165","0006-3088","",70,10,1284,1294,3
2,"Andrea Kuchtova, Stefan Janecek","In silico analysis of family GH77 with focus on amylomaltases from borreliae and disproportionating enzymes DPE2 from plants and bacteria",2015,"BIOCHIMICA ET BIOPHYSICA ACTA-PROTEINS AND PROTEOMICS","","","",37,"2017-01-06","Journal article","10.1016/j.bbapap.2015.05.009","1570-9639","",1854,10,1260,1268,2
3,"Martin Kopani, Marcel Miglierini, Adriana Lancok, Julius Dekan, Maria Caplovicova, Jan Jakubovsky, Roman Boca, Hedviga Mrazova","Iron oxides in human spleen",2015,"BIOMETALS","","","",38,"2017-01-06","Journal article","10.1007/s10534-015-9876-2","0966-0844","",28,5,913,928,3
0,"Lenka Blazekova, Silvia Bieleckova, Viera Horvathova","Isolation and Chemical Characterisation of Wheat Arabinoxylans",2015,"CHEMICKE LISTY","","","",39,"2017-01-06","Journal article","","0009-2770","",109,9,666,672,0
0,"Ondrej Hegedus, Daniela Cepelova, Alzbeta Hegedusova","The Evaluation of Titrimetric Method for Determination of Fats in Foodstuffs",2015,"CHEMICKE LISTY","","","",40,"2017-01-06","Journal article","","0009-2770","",109,9,710,713,0
1,"Violeta Ivanova-Petropulos, Silvia Jakabova, Dusko Nedelkovski, Vladimir Pavlik, Zelmira Balazova, Ondrej Hegedus","Determination of Pb and Cd in Macedonian Wines by Electrothermal Atomic Absorption Spectrometry (ETAAS)",2015,"FOOD ANALYTICAL METHODS","","","",41,"2017-01-06","Journal article","10.1007/s12161-014-0062-x","1936-9751","",8,8,1947,1952,1
3,"Farsheed Shahbazi-Raz, Vahid Amani, Ehsan Bahojb Noruzi, Nasser Safari, Roman Boca, Jan Titis, Behrouz Notash","Synthesis, characterization, electrochemical and magnetic study of mixed ligand mono iron and O-methoxy bridged diiron complexes",2015,"INORGANICA CHIMICA ACTA","","","",42,"2017-01-06","Journal article","10.1016/j.ica.2015.07.003","0020-1693","",435,0,262,273,3
2,"Kristina Matelkova, Roman Boca, Lubor Dlhan, Radovan Herchel, Jan Moncol, Ingrid Svoboda, Anna Maslejova","Dinuclear and polymeric (mu-formato)nickel(II) complexes: Synthesis, structure, spectral and magnetic properties",2015,"POLYHEDRON","","","",43,"2017-01-06","Journal article","10.1016/j.poly.2015.04.010","0277-5387","",95,0,45,53,2
0,"Lukas Lauko, Frantisek Cacho, Katarina Lenghartova, Jana Sadecka, Ernest Beinrohr","Determination of Nitrates in Water Samples by In-Electrode Coulometric Titration in Copper Coated Porous Vitreous Carbon Electrode",2015,"ELECTROANALYSIS","","","",44,"2017-01-06","Journal article","10.1002/elan.201400679","1040-0397","",27,6,1473,1478,0
0,"Jakub Mihalciak, Petra Bertova, Zdenka Ruzickova, Jan Moncol, Peter Segla, Roman Boca","Structure and magnetism of novel dinuclear cobalt(II) complexes",2015,"INORGANIC CHEMISTRY COMMUNICATIONS","","","",45,"2017-01-06","Journal article","10.1016/j.inoche.2015.03.038","1387-7003","",56,0,62,64,0
1,"Jan Vanco, Zdenek Travnicek, Ondrej Kozak, Roman Boca","Structural, Magnetic and Luminescent Properties of Lanthanide Complexes with N-Salicylideneglycine",2015,"INTERNATIONAL JOURNAL OF MOLECULAR SCIENCES","","","",46,"2017-01-06","Journal article","10.3390/ijms16059520","1422-0067","",16,5,9520,9539,1
0,"Julia Horilova, Beata Cunderlikova, Alzbeta Marcek Chorvatova","Time- and spectrally resolved characteristics of flavin fluorescence in U87MG cancer cells in culture",2015,"JOURNAL OF BIOMEDICAL OPTICS","","","",47,"2017-01-06","Journal article","10.1117/1.JBO.20.5.051017","1083-3668","",20,5,0,0,0
1,"Luc C. Owono Owono, Fidele Ntie-Kang, Melalie Keita, Eugene Megnassan, Vladimir Frecer, Stanislav Miertus","Virtually Designed Triclosan-Based Inhibitors of Enoyl-Acyl Carrier Protein Reductase of Mycobacterium tuberculosis and of Plasmodium falciparum",2015,"MOLECULAR INFORMATICS","","","",48,"2017-01-06","Journal article","10.1002/minf.201400141","1868-1743","",34,5,292,307,1
0,"Jarmila Krnanova, Natalia Denderz, Jozef Lehotay, Matus Samohyl","Determination of Some Flavonoids by HPLC Using Quercetin-Molecularly Imprinted Polymers",2015,"JOURNAL OF LIQUID CHROMATOGRAPHY & RELATED TECHNOLOGIES","","","",49,"2017-01-06","Journal article","10.1080/10826076.2014.951768","1082-6076","",38,6,702,708,0
0,"Nela Farkasova, Juraj Cernak, Larry R. Falvello, Martin Orendac, Roman Boca","Synthesis, crystal structure and magnetic properties of (acetato-kappa O-2,O ')bis(5,5 '-dimethyl-2,2 '-bipyridine-kappa N-2,N ')nickel(II) perchlorate monohydrate",2015,"ACTA CRYSTALLOGRAPHICA SECTION C-STRUCTURAL CHEMISTRY","","","",50,"2017-01-06","Journal article","10.1107/S2053229615003952","2053-2296","",71,0,252,0,0
2,"Jozef Miklovic, Alena Packova, Peter Segl'a, Jan Titis, Marian Koman, Jan Moncol', Roman Boca, Vladimir Jorik, Hajnalka Krekuska, Dusan Valigura","Synthesis, crystal structures, spectral and magnetic properties of nickel(II) pyridinecarboxylates with N-heterocyclic ligands",2015,"INORGANICA CHIMICA ACTA","","","",51,"2017-01-06","Journal article","10.1016/j.ica.2015.01.046","0020-1693","",429,0,73,80,2
3,"D. Pagacikova, J. Lehotay","Determination of Synthetic Colors in Meat Products Using High-Performance Liquid Chromatography with Photodiode Array Detector",2015,"JOURNAL OF LIQUID CHROMATOGRAPHY & RELATED TECHNOLOGIES","","","",52,"2017-01-06","Journal article","10.1080/10826076.2014.922473","1082-6076","",38,5,579,583,3
1,"K. Lenghartova, L. Lauko, E. Beinrohr","Analytical Methods for the Determination of Nitrites",2015,"CHEMICKE LISTY","","","",53,"2017-01-06","Journal article","","0009-2770","",109,3,191,197,1
0,"Vladimir Fristak, Tatiana Gablovicova, Martin Pipiska, Barbora Michalekova, Juraj Lesny","Application of Zn-65 and Mn-54 isotopic dilution for evaluation of available soil manganese and zinc fractions in Western Slovak region",2015,"JOURNAL OF RADIOANALYTICAL AND NUCLEAR CHEMISTRY","","","",54,"2017-01-06","Journal article","10.1007/s10967-014-3806-6","0236-5731","",303,3,2489,2495,0
4,"Christoph Krueger, Peter Augustin, L'ubor Dlhan, Jan Pavlik, Jan Moncol', Ivan Nemec, Roman Boca, Franz Renz","Iron(III) complexes with pentadentate Schiff-base ligands: Influence of crystal packing change and pseudohalido coligand variations on spin crossover",2015,"POLYHEDRON","","","",55,"2017-01-06","Journal article","10.1016/j.poly.2014.11.014","0277-5387","",87,0,194,201,4
3,"Lukas Smolko, Juraj Cernak, Juraj Kuchar, Roman Boca","Syntheses, crystal structures, and magnetic properties of two isostructural complexes (trenH(4))(2)[CoX4]X-6 (X = Cl, Br)",2015,"MONATSHEFTE FUR CHEMIE","","","",56,"2017-01-06","Journal article","10.1007/s00706-014-1332-4","0026-9247","",146,2,243,248,3
6,"Zdenka Bujnakova, Peter Balaz, Petre Makreski, Gligor Jovanovski, Maria Caplovicova, Lubomir Caplovic, Oleh Shpotyuk, Adam Ingram, Te-Chang Lee, Jing-Jy Cheng, Jan Sedlak, Erika Turianicova, Anna Zorkovska","Arsenic sulfide nanoparticles prepared by milling: properties, free-volume characterization, and anti-cancer effects",2015,"JOURNAL OF MATERIALS SCIENCE","","","",57,"2017-01-06","Journal article","10.1007/s10853-014-8763-5","0022-2461","",50,4,1973,1985,6
2,"Robert Uhrecky, Ingrid Svoboda, Zdenka Ruzickova, Marian Koman, Lubor Dlhan, Jan Pavlik, Jan Moncol, Roman Boca","Synthesis, structure and magnetism of manganese and iron dipicolinates with N,N '-donor ligands",2015,"INORGANICA CHIMICA ACTA","","","",58,"2017-01-06","Journal article","10.1016/j.ica.2014.10.006","0020-1693","",425,0,134,144,2
0,"Jozef Uhrovcik, Juraj Lesny","Determination of indium in liquid crystal displays by flame atomic absorption spectrometry",2015,"JOURNAL OF INDUSTRIAL AND ENGINEERING CHEMISTRY","","","",59,"2017-01-06","Journal article","10.1016/j.jiec.2014.06.020","1226-086X","",21,0,163,165,0
0,"Roman Hrmo, Lucia Kristofiakova, Juraj Mistina","Building a Quality System of Technical and Vocational Education in Slovakia Towards a European Labour Market",2015,"PROCEEDINGS OF 2015 INTERNATIONAL CONFERENCE ON INTERACTIVE COLLABORATIVE LEARNING (ICL)","","","",60,"2017-01-06","Book","","","",0,0,237,243,0
0,"Jana Jurinova","Interactive Visual Application Development for the Purpose of Complexity Analysis and Stability of Sorting Algorithms",2015,"2015 INTERNATIONAL CONFERENCE ON SOFTWARE, MULTIMEDIA AND COMMUNICATION ENGINEERING (SMCE 2015)","","","",61,"2017-01-06","Journal article","","","",0,0,9,14,0
0,"Tomas Kozik, Marek Simon, Peter Arras, Peter Kuna, Galina Tabunshchyk","Remote Experiment at Universities",2015,"2015 IEEE 8TH INTERNATIONAL CONFERENCE ON INTELLIGENT DATA ACQUISITION AND ADVANCED COMPUTING SYSTEMS: TECHNOLOGY AND APPLICATIONS (IDAACS), VOLS 1-2","","","",62,"2017-01-06","Journal article","","","",0,0,929,934,0
0,"Darja Gabriska, Martin Nemeth","The stability analysis of periodic disturbances compensation process",2015,"INES 2015 - IEEE 19TH INTERNATIONAL CONFERENCE ON INTELLIGENT ENGINEERING SYSTEMS","","","",63,"2017-01-06","Review","","1562-5850","",0,0,385,388,0
0,"Michaela Havrlentova, Barbora Trybulova","ACCUMULATION OF beta-D-GLUCAN IN OAT PLANTS DURING ONTOGENESIS",2015,"PROCEEDINGS OF THE 11TH INTERNATIONAL CONFERENCE ON POLYSACCHARIDES-GLYCOSCIENCE","","","",64,"2017-01-06","Review","","2336-6796","",0,0,37,40,0
0,"Jozef Macala, Maria Koscova, Viliam Carach, Jr. Corba, Juraj, Juraj Corba","MODELLING OF AIR POLLUTION BY ROAD TRAFFIC NOX EMISSIONS FROM PASSENGER CARS",2015,"ENERGY AND CLEAN TECHNOLOGIES","","","",65,"2017-01-06","Review","","1314-2704","",0,0,977,984,0
1,"Marek Simon, Ladislav Huraj, Marian Host'ovecky","IPv6 Network DDoS Attack with P2P Grid",2015,"CREATIVITY IN INTELLIGENT TECHNOLOGIES AND DATA SCIENCE, CIT&DS 2015","","","",66,"2017-01-06","Review","10.1007/978-3-319-23766-4_32","1865-0929","",535,0,407,415,1
0,"Marian Host'ovecky, Filip Cicka","Design and Development of Serious Game Focused on English Prepositions",2015,"CREATIVITY IN INTELLIGENT TECHNOLOGIES AND DATA SCIENCE, CIT&DS 2015","","","",67,"2017-01-06","Review","10.1007/978-3-319-23766-4_55","1865-0929","",535,0,697,709,0
0,"Maria Maliarova, Tibor Maliar, Erik Kroslak, Jozef Sokol, Peter Nemecek, Pavol Nechvatal","Antioxidant and proteinase inhibition activity of main oat avenanthramides",2015,"JOURNAL OF FOOD AND NUTRITION RESEARCH","","","",68,"2017-01-06","Journal article","","1336-8672","",54,4,346,353,0
0,"Jiri Pospichal","Solving Circle Packing Problem by Neural Gas",2015,"MENDEL 2015: RECENT ADVANCES IN SOFT COMPUTING","","","",69,"2017-01-06","Review","10.1007/978-3-319-19824-8_23","2194-5357","",378,0,281,289,0
9,"L. Smolko, J. Cernak, M. Dusek, J. Miklovic, J. Titis, R. Boca","Three tetracoordinate Co(II) complexes [Co(biq)X-2] (X = Cl, Br, I) with easy-plane magnetic anisotropy as field-induced single-molecule magnets",2015,"DALTON TRANSACTIONS","","","",70,"2017-01-06","Journal article","10.1039/c5dt02827b","1477-9226","",44,40,17565,17571,9
0,"Marek Simon, Ladislav Huraj, Miroslav Olvecky, Vladimir Siladi","A Framework for DDoS Botnet Attack Representation Using P2P Grid Environment",2015,"2ND INTERNATIONAL CONFERENCE ON COMMUNICATION AND TECHNOLOGY (ICCT 2015)","","","",71,"2017-01-06","Journal article","","","",0,0,150,158,0
1,"Oksana V. Nesterova, Eduard N. Chygorin, Vladimir N. Kokozay, Irina V. Omelchenko, Oleg V. Shishkin, Roman Boca, Armando J. L. Pombeiro","A self-assembled octanuclear complex bearing the uncommon close-packed {Fe4Mn4(mu(4)-O)(4)(mu-O)(4)} molecular core",2015,"DALTON TRANSACTIONS","","","",72,"2017-01-06","Journal article","10.1039/c5dt02076j","1477-9226","",44,33,14918,14924,1
1,"Lukas Lauko, Roman Hudec, Katarina Lenghartova, Alena Manova, Frantisek Cacho, Ernest Beinrohr","Simple Electrochemical Determination of Hydrazine in Water",2015,"POLISH JOURNAL OF ENVIRONMENTAL STUDIES","","","",73,"2017-01-06","Journal article","","1230-1485","",24,4,1659,1666,1
2,"K. Jansakova, J. Babickova, B. Filova, E. Lengyelova, M. Havrlentova, J. Kraic, P. Celec, L. Tothova","Anthocyanin-Rich Diet in Chemically Induced Colitis in Mice",2015,"FOLIA BIOLOGICA","","","",74,"2017-01-06","Journal article","","0015-5500","",61,3,104,109,2
18,"Jozef Miklovic, Dusan Valigura, Roman Boca, Jan Titis","A mononuclear Ni(II) complex: a field induced single-molecule magnet showing two slow relaxation processes",2015,"DALTON TRANSACTIONS","","","",75,"2017-01-06","Journal article","10.1039/c5dt01213a","1477-9226","",44,28,12484,12487,18
7,"Malay Dolai, Mahammad Ali, Jan Titis, Roman Boca","Cu(II)-Dy(III) and Co(III)-Dy(III) based single molecule magnets with multiple slow magnetic relaxation processes in the Cu(II)-Dy(III) complex",2015,"DALTON TRANSACTIONS","","","",76,"2017-01-06","Journal article","10.1039/c5dt00960j","1477-9226","",44,29,13242,13249,7
0,"Jiri Smid, Zuzana Godalova, Lubica Piknova, Peter Siekel, Tomas Kuchta","Semi-quantitative estimation of soya protein-based additives in meat products using real-time polymerase chain reaction",2015,"JOURNAL OF FOOD AND NUTRITION RESEARCH","","","",77,"2017-01-06","Journal article","","1336-8672","",54,2,165,170,0
3,"Eduard N. Chygorin, Vladimir N. Kokozay, Irina V. Omelchenko, Oleg V. Shishkin, Jan Titis, Roman Boca, Dmytro S. Nesterov","Direct synthesis of a {Co-6(III) Fe-6(III)} dodecanuclear complex, revealing an unprecedented molecular structure type",2015,"DALTON TRANSACTIONS","","","",78,"2017-01-06","Journal article","10.1039/c5dt01149c","1477-9226","",44,24,10918,10922,3
2,"Katarina Hrobonova, Jakub Moravcik, Jozef Lehotay, Daniel W. Armstrong","Determination of methionine enantiomers by HPLC on the cyclofructan chiral stationary phase",2015,"ANALYTICAL METHODS","","","",79,"2017-01-06","Journal article","10.1039/c5ay00808e","1759-9660","",7,11,4577,4582,2
13,"Ivan Nemec, Radovan Herchel, Ingrid Svoboda, Roman Boca, Zdenek Travnicek","Large and negative magnetic anisotropy in pentacoordinate mononuclear Ni(II) Schiff base complexes",2015,"DALTON TRANSACTIONS","","","",80,"2017-01-06","Journal article","10.1039/c5dt00600g","1477-9226","",44,20,9551,9560,13
13,"Susanta Hazra, Anirban Karmakar, Maria de Fatima C. Guedes da Silva, L'ubor Dlhan, Roman Boca, Armando J. L. Pombeiro","Sulfonated Schiff base dinuclear and polymeric copper(II) complexes: crystal structures, magnetic properties and catalytic application in Henry reaction",2015,"NEW JOURNAL OF CHEMISTRY","","","",81,"2017-01-06","Journal article","10.1039/c5nj00330j","1144-0546","",39,5,3424,3434,13
0,"Jaroslav Vatral, Roman Boca","Redox Behavior of Dopamine in the Presence of Ferritin",2015,"ECS ELECTROCHEMISTRY LETTERS","","","",82,"2017-01-06","Journal article","10.1149/2.0011506eel","2162-8726","",4,6,0,0,0
0,"Lenka Blazekova, Petra Polakovicova, Lucia Mikusova, Kristina Kukurova, Vojtech Saxa, Zuzana Ciesarova, Ernest Sturdik","Development of Innovative Health Beneficial Bread using a Fermented Fibre-glucan Product",2015,"CZECH JOURNAL OF FOOD SCIENCES","","","",83,"2017-01-06","Journal article","10.17221/42/2014-CJFS","1212-1800","",33,2,118,125,0
2,"Katarina Lenghartova, Lukas Lauko, Frantisek Cachob, Ernest Beinrohr","Determination of Nitrites in Water by In-electrode Coulometric Titration in Reticulated Vitreous Carbon Electrode",2015,"ACTA CHIMICA SLOVENICA","","","",84,"2017-01-06","Journal article","","1318-0207","",62,1,152,158,2
6,"Petra Masarova, Pavel Zoufaly, Jan Moncol, Ivan Nemec, Jan Pavlik, Milan Gembicky, Zdenek Travnicek, Roman Boca, Ivan Salitros","Spin crossover and high spin electroneutral mononuclear iron(III) Schiff base complexes involving terminal pseudohalido ligands",2015,"NEW JOURNAL OF CHEMISTRY","","","",85,"2017-01-06","Journal article","10.1039/c4nj01363h","1144-0546","",39,1,508,519,6
12,"Vladimir Fristak, Martin Pipiska, Juraj Lesny, Gerhard Soja, Wolfgang Friesl-Hanl, Alena Packova","Utilization of biochar sorbents for Cd2+, Zn2+, and Cu2+ ions separation from aqueous solutions: comparative study",2015,"ENVIRONMENTAL MONITORING AND ASSESSMENT","","","",86,"2017-01-06","Journal article","10.1007/s10661-014-4093-y","0167-6369","",187,1,0,0,12
0,"E. Ivanisova, M. Ondrejovic, D. Chmelova, T. Maliar, M. Havrlentova, L'. Rueckschloss","Antioxidant Activity and Polyphenol Content in Milling Fractions of Purple Wheat",2014,"CEREAL RESEARCH COMMUNICATIONS","","","",87,"2017-01-06","Journal article","10.1556/CRC.2014.0008","0133-3720","",42,4,578,588,0
0,"L. Huraj, V. Siladi","Evaluating grid computing platform for snow cover",2014,"JOURNAL OF SCIENTIFIC & INDUSTRIAL RESEARCH","","","",88,"2017-01-06","Journal article","","0022-4456","",73,12,751,755,0
12,"Lucia Remenarova, Martin Pipiska, Eva Florkova, Miroslav Hornik, Marian Rozloznik, Jozef Augustin","Zeolites from coal fly ash as efficient sorbents for cadmium ions",2014,"CLEAN TECHNOLOGIES AND ENVIRONMENTAL POLICY","","","",89,"2017-01-06","Journal article","10.1007/s10098-014-0728-5","1618-954X","",16,8,1551,1564,12
1,"Robert Uhrecky, Jan Pavlik, Zdenka Ruzickova, L'ubor Dlhan, Marian Koman, Roman Boca, Jan Moncol","Synthesis, crystal structure and magnetism of iron(III) and manganese(III) dipicolinates with pyridinemethanols",2014,"JOURNAL OF MOLECULAR STRUCTURE","","","",90,"2017-01-06","Journal article","10.1016/j.molstruc.2014.07.037","0022-2860","",1076,0,10,19,1
2,"Jaroslav Vatral, Roman Boca, Wolfgang Linert","Electrochemical investigation of the redox couple Fe(III)/Fe(II) in the presence of amino acids and neurotransmitters",2014,"ELECTROCHIMICA ACTA","","","",91,"2017-01-06","Journal article","10.1016/j.electacta.2014.08.079","0013-4686","",145,0,53,63,2
6,"Fabienne Delporte, Anna Pretova, Patrick du Jardin, Bernard Watillon","Morpho-histology and genotype dependence of in vitro morphogenesis in mature embryo cultures of wheat",2014,"PROTOPLASMA","","","",92,"2017-01-06","Journal article","10.1007/s00709-014-0647-7","0033-183X","",251,6,1455,1470,6
7,"Anna Kopcakova, Zuzana Stramova, Simona Kvasnova, Andrej Godany, Zuzana Perhacova, Peter Pristas","Need for database extension for reliable identification of bacteria from extreme environments using MALDI TOF mass spectrometry",2014,"CHEMICAL PAPERS","","","",93,"2017-01-06","Journal article","10.2478/s11696-014-0612-0","0366-6352","",68,11,1435,1442,7
2,"Zuzana Dueresova, Anna Sunovska, Miroslav Hornik, Martin Pipiska, Marcela Gubisova, Jozef Gubis, Stanislav Hostin","Rhizofiltration potential of Arundo donax for cadmium and zinc removal from contaminated wastewater",2014,"CHEMICAL PAPERS","","","",94,"2017-01-06","Journal article","10.2478/s11696-014-0610-2","0366-6352","",68,11,1452,1462,2
3,"Denisa Partelova, Jozef Uhrovcik, Juraj Lesny, Miroslav Hornik, Pavol Rajec, Peter Kovac, Stanislav Hostin","Application of positron emission tomography glucose for visualization and quantification of solute transport in plant tissues",2014,"CHEMICAL PAPERS","","","",95,"2017-01-06","Journal article","10.2478/s11696-014-0609-8","0366-6352","",68,11,1463,1473,3
5,"Lucia Vahovska, Ivan Potocnak, Svitlana Vitushkina, Michal Dusek, Jan Titis, Roman Boca","Low-dimensional compounds containing cyanido groups. XXVI. Crystal structure, spectroscopic and magnetic properties of Co(II) complexes with non-linear pseudohalide ligands",2014,"POLYHEDRON","","","",96,"2017-01-06","Journal article","10.1016/j.poly.2014.06.046","0277-5387","",81,0,396,408,5
2,"M. Makohusova, V. Mrazova, W. Haase, R. Boca","Magnetostructural J-correlations in complexes with tetrahedro-{Cu-4} core",2014,"POLYHEDRON","","","",97,"2017-01-06","Journal article","10.1016/j.poly.2014.07.007","0277-5387","",81,0,572,582,2
1,"Danica Cechova, Alena Martiskova, Zdenka Padelkova, Lukas Gal'a, L'ubor Dlhan, Dusan Valigura, Marian Valko, Roman Boca, Jan Moncol","Manganese(II) one-dimensional coordination polymers with nitrobenzoato or nitrosalicylato bridges: Syntheses, crystal structures, and magnetic properties",2014,"POLYHEDRON","","","",98,"2017-01-06","Journal article","10.1016/j.poly.2014.05.005","0277-5387","",79,0,129,137,1
3,"Katarina Majzlova, Stefan Janecek","Two structurally related starch-binding domain families CBM25 and CBM26",2014,"BIOLOGIA","","","",99,"2017-01-06","Journal article","10.2478/s11756-014-0415-3","0006-3088","",69,9,1087,1096,3
2,"Sevi Oz, Nurcan Acar, Ingrid Svoboda, Jan Titis, Roman Boca, Orhan Atakol","Synthesis, structure and magnetic properties of homotrinuclear Ni(II) complexes with asymmetric Schiff-base ligands",2014,"INORGANICA CHIMICA ACTA","","","",100,"2017-01-06","Journal article","10.1016/j.ica.2014.07.020","0020-1693","",421,0,531,537,2
2,"C. Bonini, L. Chiummiento, N. Di Blasio, M. Funicello, P. Lupattelli, F. Tramutola, F. Berti, A. Ostric, S. Miertus, V. Frecer, D. -X. Kong","Synthesis and biological evaluation of new simple indolic non peptidic HIV Protease inhibitors: The effect of different substitution patterns",2014,"BIOORGANIC & MEDICINAL CHEMISTRY","","","",101,"2017-01-06","Journal article","10.1016/j.bmc.2014.06.055","0968-0896","",22,17,4792,4802,2
28,"Cyril Rajnak, Jan Titis, Olaf Fuhr, Mario Ruben, Roman Boca","Single-Molecule Magnetism in a Pentacoordinate Cobalt(II) Complex Supported by an Antenna Ligand",2014,"INORGANIC CHEMISTRY","","","",102,"2017-01-06","Journal article","10.1021/ic501524a","0020-1669","",53,16,8200,8202,28
10,"Susanta Hazra, Anirban Karmakar, M. Fatima C. Guedes da Silva, Lubor DIhan, Roman Boca, Armando J. L. Pombeiro","Dinuclear based polymeric copper(II) complexes derived from a Schiff base ligand: effect of secondary bridging moieties on geometrical orientations and magnetic properties",2014,"INORGANIC CHEMISTRY COMMUNICATIONS","","","",103,"2017-01-06","Journal article","10.1016/j.inoche.2014.05.025","1387-7003","",46,0,113,117,10
1,"M. Ligor, J. Kovacova, R. M. Gadzala-Kopciuch, S. Studzinska, Sz. Bocian, J. Lehotay, B. Buszewski","Study of RP HPLC Retention Behaviours in Analysis of Carotenoids",2014,"CHROMATOGRAPHIA","","","",104,"2017-01-06","Journal article","10.1007/s10337-014-2657-1","0009-5893","",77,15,1047,1057,1
1,"Ivana Dokupilova, Daniele Migliaro, Daniel Mihalik, Manna Crespan, Jan Kraic","Genotyping of Vitis vinifera L. within the Slovak national collection of genetic resources",2014,"CENTRAL EUROPEAN JOURNAL OF BIOLOGY","","","",105,"2017-01-06","Journal article","10.2478/s11535-014-0314-1","1895-104X","",9,8,761,767,1
9,"Velayudhan Ranjani, Stefan Janecek, Kian Piaw Chai, Shafinaz Shahir, Raja Noor Zaliha Raja Abdul Rahman, Kok-Gan Chan, Kian Mau Goh","Protein engineering of selected residues from conserved sequence regions of a novel Anoxybacillus alpha-amylase",2014,"SCIENTIFIC REPORTS","","","",106,"2017-01-06","Journal article","10.1038/srep05850","2045-2322","",4,0,0,0,9
2,"M. Miglierini, R. Boca, M. Kopani, A. Lancok","Mossbauer and SQUID Characterization of Iron in Human Tissue: Case of Globus Pallidus",2014,"ACTA PHYSICA POLONICA A","","","",107,"2017-01-06","Journal article","","0587-4246","",126,1,240,241,2
0,"M. Babulicova, N. Faragova","The Influence of Winter Wheat Continuous Cropping and Fertilization on the Crop Yields and Microbial Soil Diversity",2014,"CEREAL RESEARCH COMMUNICATIONS","","","",108,"2017-01-06","Journal article","10.1556/CRC.2013.0058","0133-3720","",42,2,326,337,0
3,"Alina Bienko, Pavel Kopel, Rene Kizek, Rafal Kruszynski, Dariusz Bienko, Jan Titis, Roman Boca","Synthesis, crystal structure and magnetic properties of trithiocyanurate or thiodiacetate polynuclear Ni(II) and Co(II) complexes",2014,"INORGANICA CHIMICA ACTA","","","",109,"2017-01-06","Journal article","10.1016/j.ica.2014.03.009","0020-1693","",416,0,147,156,3
2,"Barbora Vidova, Zuzana Sramkova, Lenka Tisakova, Michaela Oravkinova, Andrej Godany","Bioinformatics analysis of bacteriophage and prophage endolysin domains",2014,"BIOLOGIA","","","",110,"2017-01-06","Journal article","10.2478/s11756-014-0358-8","0006-3088","",69,5,541,556,2
2,"Monika Stolarova, Juraj Cernak, Milagros Tomas, Irene Ara, Larry R. Falvello, Roman Boca, Jan Titis","o-Phenylenedioxydiacetate complexes of Gd(III) and Ce(III): syntheses, crystal structures, and magnetic properties",2014,"JOURNAL OF COORDINATION CHEMISTRY","","","",111,"2017-01-06","Journal article","10.1080/00958972.2014.898756","0095-8972","",67,6,1046,1060,2
8,"Z. Puterova-Tokarova, V. Mrazova, J. Kozisek, J. Valentova, B. Vranovicova, R. Boca","Magnetostructural correlation in tetracopper(II) cubanes",2014,"POLYHEDRON","","","",112,"2017-01-06","Journal article","10.1016/j.poly.2013.12.010","0277-5387","",70,0,52,58,8
56,"Roman Boca, Jozef Miklovic, Jan Titis","Simple Mononuclear Cobalt(II) Complex: A Single-Molecule Magnet Showing Two Slow Relaxation Processes",2014,"INORGANIC CHEMISTRY","","","",113,"2017-01-06","Journal article","10.1021/ic5000638","0020-1669","",53,5,2367,2369,56
7,"Vladimir Fristak, Martin Pipiska, Michaela Valovciakova, Juraj Lesny, Marian Rozloznik","Monitoring Co-60 activity for the characterization of the sorption process of Co2+ ions in municipal activated sludge",2014,"JOURNAL OF RADIOANALYTICAL AND NUCLEAR CHEMISTRY","","","",114,"2017-01-06","Journal article","10.1007/s10967-013-2821-3","0236-5731","",299,3,1607,1614,7
14,"Jozef Uhrovcik","Strategy for determination of LOD and LOQ values - Some basic aspects",2014,"TALANTA","","","",115,"2017-01-06","Journal article","10.1016/j.talanta.2013.10.061","0039-9140","",119,0,178,180,14
30,"Sk Md Towsif Abtab, Mithun Chandra Majee, Manoranjan Maity, Jan Titis, Roman Boca, Muktimoy Chaudhury","Tetranuclear Hetero-Metal [Co(2)(II)Ln(2)(III)] (Ln = Gd, Tb, Dy, Ho, La) Complexes Involving Carboxylato Bridges in a Rare mu(4)-eta(2):eta(2) Mode: Synthesis, Crystal Structures, and Magnetic Properties",2014,"INORGANIC CHEMISTRY","","","",116,"2017-01-06","Journal article","10.1021/ic401484d","0020-1669","",53,3,1295,1306,30
4,"Valentina Sinisi, Katarina Boronova, Silvia Colomban, Luciano Navarini, Federico Berti, Cristina Forzato","Synthesis of Mono-, Di-, and Tri-3,4-dimethoxycinnamoyl-1,5-gamma-quinides",2014,"EUROPEAN JOURNAL OF ORGANIC CHEMISTRY","","","",117,"2017-01-06","Journal article","10.1002/ejoc.201301657","1434-193X","",2014,6,1321,1326,4
1,"Miroslav Oelvecky, Darja Gabriska","Motion capture as an extension of web-based simulation",2014,"APPLIED SCIENCE, MATERIALS SCIENCE AND INFORMATION TECHNOLOGIES IN INDUSTRY","","","",118,"2017-01-06","Review","10.4028/www.scientific.net/AMM.513-517.827","1660-9336","",513,0,827,833,1
1,"Marcel Miglierini, Adriana Lancok, Martin Kopani, Roman Boca","Mossbauer Spectroscopy of Basal Ganglia",2014,"MOSSBAUER SPECTROSCOPY IN MATERIALS SCIENCE - 2014","","","",119,"2017-01-06","Review","10.1063/1.4898624","0094-243X","",1622,0,0,0,1
2,"M. Keita, A. Kumar, B. Dali, E. Megnassan, M. I. Siddiqi, V. Frecer, S. Miertus","Quantitative structure-activity relationships and design of thymine-like inhibitors of thymidine monophosphate kinase of Mycobacterium tuberculosis with favourable pharmacokinetic profiles",2014,"RSC ADVANCES","","","",120,"2017-01-06","Journal article","10.1039/c4ra06917j","2046-2069","",4,99,55853,55866,2
7,"Ivan Salitros, Luks Pogany, Mario Ruben, Roman Boca, Wolfgang Linert","Polymorphism dependent light induced spin transition",2014,"DALTON TRANSACTIONS","","","",121,"2017-01-06","Journal article","10.1039/c4dt02421d","1477-9226","",43,44,16584,16587,7
1,"Vladimir Fristak, Michaela Valovciakova, Martin Pipiska, Juraj Lesnsy","The Influence of Chemical Modification on the Co2+ Ion Sorption Process by Anaerobic Sludge",2014,"POLISH JOURNAL OF ENVIRONMENTAL STUDIES","","","",122,"2017-01-06","Journal article","","1230-1485","",23,3,705,712,1
6,"Jerzy Romiszewski, Zita Puterova-Tokarova, Jozef Mieczkowski, Ewa Gorecka","Optical properties of thiophene-containing liquid crystalline and hybrid liquid crystalline materials",2014,"NEW JOURNAL OF CHEMISTRY","","","",123,"2017-01-06","Journal article","10.1039/c4nj00298a","1144-0546","",38,7,2927,2934,6
0,"Vladimir Frecer, Stanislav Miertus","Rational Design of Antiviral Compounds",2014,"CURRENT PHARMACEUTICAL DESIGN","","","",124,"2017-01-06","Journal article","","1381-6128","",20,21,3387,3388,0
2,"Federico Berti, Vladimir Frecer, Stanislav Miertus","Inhibitors of HIV-Protease from Computational Design. A History of Theory and Synthesis Still to be Fully Appreciated",2014,"CURRENT PHARMACEUTICAL DESIGN","","","",125,"2017-01-06","Journal article","","1381-6128","",20,21,3398,3411,2
5,"Zuzana Hajdu, Marek Andrejkovic, Ladislav Mura","Utilizing Experiments Designed Results during Error Identification and Improvement of Business Processes",2014,"ACTA POLYTECHNICA HUNGARICA","","","",126,"2017-01-06","Journal article","","1785-8860","",11,2,149,166,5
2,"Katarina Ondreickova, Daniel Mihalik, Andrej Ficek, Martina Hudcovicova, Jan Kraic, Hana Drahovska","IMPACT OF GENETICALLY MODIFIED MAIZE ON THE GENETIC DIVERSITY OF RHIZOSPHERE BACTERIA: A TWO-YEAR STUDY IN SLOVAKIA",2014,"POLISH JOURNAL OF ECOLOGY","","","",127,"2017-01-06","Journal article","","1505-2249","",62,1,67,76,2
3,"Lenka Tisakova, Barbora Vidova, Jarmila Farkasovska, Andrej Godany","Bacteriophage endolysin Lyt mu 1/6: characterization of the C-terminal binding domain",2014,"FEMS MICROBIOLOGY LETTERS","","","",128,"2017-01-06","Journal article","10.1111/1574-6968.12338","0378-1097","",350,2,199,208,3
4,"Oksana V. Nesterova, Marina V. Kirillova, M. Fatima C. Guedes da Silva, Roman Boca, Armando J. L. Pombeiro","How to force a classical chelating ligand to a metal non-chelating bridge: the observation of a rare coordination mode of diethanolamine in the 1D complex {[Cu-2(Piv)(4)(H(3)tBuDea)](Piv)}(n)",2014,"CRYSTENGCOMM","","","",129,"2017-01-06","Journal article","10.1039/c3ce41657g","1466-8033","",16,5,775,783,4
2,"M. Vierikova, E. Hrnciarikova, J. Lehotay","DETERMINATION OF NATAMYCIN CONTENT IN CHEESE USING ULTRA PERFORMANCE LIQUID CHROMATOGRAPHY-MASS SPECTROMETRY",2013,"JOURNAL OF LIQUID CHROMATOGRAPHY & RELATED TECHNOLOGIES","","","",130,"2017-01-06","Journal article","10.1080/10826076.2012.731671","1082-6076","",36,20,2933,2943,2
4,"R. Boca, L. Dlhan, M. Kopani, M. Miglierini, V. Mrazova, M. Caplovicova","Deposits of iron oxides in the human spleen",2013,"POLYHEDRON","","","",131,"2017-01-06","Journal article","10.1016/j.poly.2013.02.023","0277-5387","",66,0,65,69,4
9,"C. Rajnak, J. Titis, I. Salitros, R. Boca, O. Fuhr, M. Ruben","Zero-field splitting in pentacoordinate Co(II) complexes",2013,"POLYHEDRON","","","",132,"2017-01-06","Journal article","10.1016/j.poly.2013.08.029","0277-5387","",65,0,122,128,9
8,"Dasa Kruzlicova, Zeljka Fiket, Goran Kniewald","Classification of Croatian wine varieties using multivariate analysis of data obtained by high resolution ICP-MS analysis",2013,"FOOD RESEARCH INTERNATIONAL","","","",133,"2017-01-06","Journal article","10.1016/j.foodres.2013.07.053","0963-9969","",54,1,621,626,8
6,"M. Idesicova, R. Boca","Magnetism, IR and Raman spectra of a tetracoordinate and hexacoordinate Co(II) complexes derived from aminopyrimidine",2013,"INORGANICA CHIMICA ACTA","","","",134,"2017-01-06","Journal article","10.1016/j.ica.2013.09.002","0020-1693","",408,0,162,171,6
5,"Z. Puterova-Tokarova, V. Mrazova, R. Boca","Magnetism of novel Schiff-base copper(II) complexes derived from aminoacids",2013,"POLYHEDRON","","","",135,"2017-01-06","Journal article","10.1016/j.poly.2013.05.045","0277-5387","",61,0,87,93,5
12,"Jan Titis, Jozef Miklovic, Roman Boca","Magnetostructural study of tetracoordinate cobalt(II) complexes",2013,"INORGANIC CHEMISTRY COMMUNICATIONS","","","",136,"2017-01-06","Journal article","10.1016/j.inoche.2013.05.031","1387-7003","",35,0,72,75,12
1,"Darja Kavsek, Adriana Bednarova, Misa Biro, Roman Kranvogl, Darinka Brodnjak Voncina, Ernest Beinrohr","Characterization of Slovenian coal and estimation of coal heating value based on proximate analysis using regression and artificial neural networks",2013,"CENTRAL EUROPEAN JOURNAL OF CHEMISTRY","","","",137,"2017-01-06","Journal article","10.2478/s11532-013-0280-x","1895-1066","",11,9,1481,1491,1
23,"Monika Idesicova, Jan Titis, J. Krzystek, Roman Boca","Zero-Field Splitting in Pseudotetrahedral Co(II) Complexes: a Magnetic, High-Frequency and -Field EPR, and Computational Study",2013,"INORGANIC CHEMISTRY","","","",138,"2017-01-06","Journal article","10.1021/ic400980b","0020-1669","",52,16,9409,9417,23
1,"Katarina Boronova, Jozef Lehotay, Katarina Hrobonova, Daniel W. Armstrong","Study of physicochemical interaction of aryloxyaminopropanol derivatives with teicoplanin and vancomycin phases in view of quantitative structure-property relationship studies",2013,"JOURNAL OF CHROMATOGRAPHY A","","","",139,"2017-01-06","Journal article","10.1016/j.chroma.2013.05.046","0021-9673","",1301,0,38,47,1
7,"Sevi Oz, Jan Titis, Hasan Nazir, Orhan Atakol, Roman Boca, Ingrid Svoboda, Hartmut Fuess","Synthesis, structure and magnetic properties of Ni(II)-Co(II) heterodinuclear complexes with ONNO type Schiff bases as ligands",2013,"POLYHEDRON","","","",140,"2017-01-06","Journal article","10.1016/j.poly.2013.04.047","0277-5387","",59,0,1,7,7
2,"Andrea Hlinkova, Adriana Bednarova, Michaela Havrlentova, Jana Supova, Iveta Cicova","Evaluation of fatty acid composition among selected amaranth grains grown in two consecutive years",2013,"BIOLOGIA","","","",141,"2017-01-06","Journal article","10.2478/s11756-013-0190-6","0006-3088","",68,4,641,650,2
0,"Michaela Havrlentova, Andrea Hlinkova, Jana Supova, Adriana Bednarova, Darina Muchova, Maria Lichvarova","Improved quality of poppy seeds for human needs",2013,"CURRENT OPINION IN BIOTECHNOLOGY","","","",142,"2017-01-06","Journal article","10.1016/j.copbio.2013.05.248","0958-1669","",24,0,0,0,0
0,"Jan Kraic, Daniel Mihalik, Edita Gregova, Svetlana Slikova, Valeria Sudyova, Tatiana Klempova, Milan Certik, Martina Hudcovicova, Katarina Ondreickova, Andrea Hlinkova, Michaela Havrlentova, Jozef Gubis","Cereals improvement by plant biotechnology approaches",2013,"CURRENT OPINION IN BIOTECHNOLOGY","","","",143,"2017-01-06","Journal article","10.1016/j.copbio.2013.05.039","0958-1669","",24,0,0,0,0
0,"Katarina Vulganova, Eva Uergeova","Extraction of hyaluronic acid from eggshell membranes",2013,"CURRENT OPINION IN BIOTECHNOLOGY","","","",144,"2017-01-06","Journal article","10.1016/j.copbio.2013.05.324","0958-1669","",24,0,0,0,0
5,"Kristina Matelkova, Katrin Ossberger, Juraj Hudak, Jaroslav Vatral, Roman Boca, Wolfgang Linert","Redox activity of some non-innocent amino acids",2013,"MONATSHEFTE FUR CHEMIE","","","",145,"2017-01-06","Journal article","10.1007/s00706-013-0972-0","0026-9247","",144,7,937,949,5
9,"Robert Uhrecky, Zdenka Padelkova, Jan Moncol, Marian Koman, L'ubor Dlhan, Jan Titis, Roman Boca","Synthesis, crystal structure, spectra and magnetic properties of new manganese(III) and iron(III) dipicolinate complexes",2013,"POLYHEDRON","","","",146,"2017-01-06","Journal article","10.1016/j.poly.2013.03.026","0277-5387","",56,0,9,17,9
0,"Juraj Hudak, Tomas Mikysek, Roman Boca, Karel Vytras","Abrasive Voltammetry of Trinuclear Cobalt-Benzoato Complex with iso-Nicotinamide at a Carbon Paste Electrode (vol 8, pg 4792, 2013)",2013,"INTERNATIONAL JOURNAL OF ELECTROCHEMICAL SCIENCE","","","",147,"2017-01-06","Journal article","","1452-3981","",8,6,8922,8922,0
2,"J. Pavlik, W. Nicolazzi, G. Molnar, R. Boca, A. Bousseksou","Coupled magnetic interactions and the Ising-like model for spin crossover in binuclear compounds",2013,"EUROPEAN PHYSICAL JOURNAL B","","","",148,"2017-01-06","Journal article","10.1140/epjb/e2013-30613-7","1434-6028","",86,6,0,0,2
7,"Alena Packova, Jozef Miklovic, Jan Titis, Marian Koman, Roman Boca","Positive zero-field splitting in a hexacoordinate nickel(II) complex",2013,"INORGANIC CHEMISTRY COMMUNICATIONS","","","",149,"2017-01-06","Journal article","10.1016/j.inoche.2013.03.013","1387-7003","",32,0,9,11,7
1,"Juraj Hudak, Tomas Mikysek, Roman Boca, Karel Vytras","Abrasive Voltammetry of Trinuclear Cobalt-Benzoato Complex with iso-Nicotinamide at a Carbon Paste Electrode",2013,"INTERNATIONAL JOURNAL OF ELECTROCHEMICAL SCIENCE","","","",150,"2017-01-06","Journal article","","1452-3981","",8,4,4792,4796,1
1,"Renata Gasparova, Pavol Kois, Margita Lacova, Silvia Kovacova, Andrej Bohac","Synthesis, reactions and antineoplastic activity of 3-(2-oxo-2H-chromen-3-yl)-2-oxo-2H,5H-pyrano[3,2-c]chromene derivatives",2013,"CENTRAL EUROPEAN JOURNAL OF CHEMISTRY","","","",151,"2017-01-06","Journal article","10.2478/s11532-012-0184-1","1895-1066","",11,4,502,513,1
0,"Eva Uergeova, Katarina Vulganova, L'udovit Polivka","Content of selected secondary metabolites in wild hop",2013,"CHEMICAL PAPERS","","","",152,"2017-01-06","Journal article","10.2478/s11696-012-0213-8","0366-6352","",67,3,249,253,0
5,"Miroslav Hornik, Anna Sunovska, Denisa Partelova, Martin Pipiska, Jozef Augustin","Continuous sorption of synthetic dyes on dried biomass of microalga Chlorella pyrenoidosa",2013,"CHEMICAL PAPERS","","","",153,"2017-01-06","Journal article","10.2478/s11696-012-0235-2","0366-6352","",67,3,254,264,5
5,"Vladimir Fristak, Martin Pipiska, Miroslav Hornik, Jozef Augustin, Juraj Lesny","Sludge of wastewater treatment plants as Co2+ ions sorbent",2013,"CHEMICAL PAPERS","","","",154,"2017-01-06","Journal article","10.2478/s11696-012-0244-1","0366-6352","",67,3,265,273,5
1,"Adriana Bednarova, Jan Mocak, Walter Goessler, Margit Velik, Josef Kaufmann, Ladislav Staruch","Effect of animal age and gender on fatty acid and elemental composition in Austrian beef applicable for authentication purposes",2013,"CHEMICAL PAPERS","","","",155,"2017-01-06","Journal article","10.2478/s11696-012-0179-6","0366-6352","",67,3,274,283,1
2,"Lucia Mikusova, Petra Gerekova, Monika Kockova, Ernest Sturdik, Martina Valachovicova, Andrea Holubkova, Marek Vajdak, L'ubomir Mikus","Nutritional, antioxidant, and glycaemic characteristics of new functional bread",2013,"CHEMICAL PAPERS","","","",156,"2017-01-06","Journal article","10.2478/s11696-012-0258-8","0366-6352","",67,3,284,291,2
2,"L'ubomir Mikus, Maria Kovacova, Ladislav Dodok, Alzbeta Medved'ova, Lucia Mikusova, Ernest Sturdik","Effects of enzymes and hydrocolloids on physical, sensory, and shelf-life properties of wheat bread",2013,"CHEMICAL PAPERS","","","",157,"2017-01-06","Journal article","10.2478/s11696-012-0286-4","0366-6352","",67,3,292,299,2
1,"Monika Idesicova, Alzbeta Krutosikova, Viera Mrazova, Roman Boca","Magnetic chains formed from tetra-coordinate Co(II) complexes",2013,"CHEMICAL PAPERS","","","",158,"2017-01-06","Journal article","10.2478/s11696-012-0187-6","0366-6352","",67,3,300,304,1
5,"Peter Nemecek, Jan Mocak, Jozef Lehotay, Karel Waisser","Prediction of anti-tuberculosis activity of 3-phenyl-2H-1,3-benzoxazine-2,4(3H)-dione derivatives",2013,"CHEMICAL PAPERS","","","",159,"2017-01-06","Journal article","10.2478/s11696-012-0278-4","0366-6352","",67,3,305,312,5
17,"Katarina Majzlova, Zuzana Pukajova, Stefan Janecek","Tracing the evolution of the alpha-amylase subfamily GH13_36 covering the amylolytic enzymes intermediate between oligo-1,6-glucosidases and neopullulanases",2013,"CARBOHYDRATE RESEARCH","","","",160,"2017-01-06","Journal article","10.1016/j.carres.2012.11.022","0008-6215","",367,0,48,57,17
14,"Jan Pavlik, Roman Boca","Established Static Models of Spin Crossover",2013,"EUROPEAN JOURNAL OF INORGANIC CHEMISTRY","","","",161,"2017-01-06","Journal article","10.1002/ejic.201201082","1434-1948","",0,5,697,709,14
8,"Christoph Krueger, Peter Augustin, Ivan Nemec, Zdenek Travnicek, Hiroki Oshio, Roman Boca, Franz Renz","Spin Crossover in Iron(III) Complexes with Pentadentate Schiff Base Ligands and Pseudohalido Coligands",2013,"EUROPEAN JOURNAL OF INORGANIC CHEMISTRY","","","",162,"2017-01-06","Journal article","10.1002/ejic.201201038","1434-1948","",0,5,902,915,8
1,"Daniel Mihalik, L'ubica Nogova, Katarina Ondreickova, Marcela Gubisova, Jozef Gubis, Edita Gregova, Ivana Dokupilova, Roman Drska, Jan Kraic","A new high-molecular-weight glutenin subunit from the slovak wheat (Triticum aestivum L.) cultivar 'Trebisovska 76'",2013,"FOOD SCIENCE AND BIOTECHNOLOGY","","","",163,"2017-01-06","Journal article","10.1007/s10068-013-0045-5","1226-7708","",22,1,33,37,1
8,"Anita Abedi, Vahid Amani, Roman Boca, Lubor Dlhan, Hamid Reza Khavasi, Nasser Safari","Bis(isothiocyanato)iron(II) complexes with bithiazole ligands: Structure and magnetic studies",2013,"INORGANICA CHIMICA ACTA","","","",164,"2017-01-06","Journal article","10.1016/j.ica.2012.10.037","0020-1693","",395,0,58,66,8
3,"Zuzana Bezakova","Green Computing Practices as a Part of the Way to the Sustainable Development",2013,"ENVIRONMENTAL SOFTWARE SYSTEMS: FOSTERING INFORMATION SHARING","","","",165,"2017-01-06","Review","","1868-4238","",413,0,579,587,3
0,"Robert Halenar","Tollerance coefficients of stability in linear dynamic system calculated in Matlab environment",2013,"ADVANCED TECHNOLOGIES IN MANUFACTURING, ENGINEERING AND MATERIALS, PTS 1-3","","","",166,"2017-01-06","Review","10.4028/www.scientific.net/AMR.774-776.1869","1022-6680","",774,0,1869,1872,0
0,"Robert Halenar","Tollerance of linear dynamic system calculated in Matlab environment",2013,"INDUSTRIAL INSTRUMENTATION AND CONTROL SYSTEMS II, PTS 1-3","","","",167,"2017-01-06","Review","10.4028/www.scientific.net/AMM.336-338.604","1660-9336","",336,0,604,607,0
1,"Victor F. Shul'gin, Oleg V. Konnik, Alexey N. Gusev, Roman Boca, Lubor Dlhan, Eduard B. Rusanov, Grygory G. Alexandrov, Igor L. Eremenko, Wolfgang Linert","Spacer-armed copper(II) complexes with benzenecarboxylic acids and trifluoroacetylacetone aroylhydrazones",2013,"DALTON TRANSACTIONS","","","",168,"2017-01-06","Journal article","10.1039/c3dt52483c","1477-9226","",42,48,16878,16886,1
8,"Oksana V. Nesterova, Eduard N. Chygorin, Vladimir N. Kokozay, Volodymyr V. Bon, Irina V. Omelchenko, Oleg V. Shishkin, Jan Titis, Roman Boca, Armando J. L. Pombeiro, Andrew Ozarowski","Magnetic, high-field EPR studies and catalytic activity of Schiff base tetranuclear (Cu2Fe2III)-Fe-II complexes obtained by direct synthesis",2013,"DALTON TRANSACTIONS","","","",169,"2017-01-06","Journal article","10.1039/c3dt51800k","1477-9226","",42,48,16909,16919,8
4,"Adriana Bednarova, Roman Kranvogl, Darinka Brodnjak Voncina, Tjasa Jug, Ernest Beinrohr","Characterization of Slovenian Wines Using Multidimensional Data Analysis from Simple Enological Descriptors",2013,"ACTA CHIMICA SLOVENICA","","","",170,"2017-01-06","Journal article","","1318-0207","",60,2,274,286,4
1,"Darja Kavsek, Tina Jeric, Alenka Majcen Le Marechal, Simona Vajnhandl, Adriana Bednarova, Darinka Brodnjak Voncina","Multivariate Analysis and Chemometric Characterisation of Textile Wastewater Streams",2013,"ACTA CHIMICA SLOVENICA","","","",171,"2017-01-06","Journal article","","1318-0207","",60,2,375,382,1
4,"Robert Uhrecky, Jan Moncol, Marian Koman, Jan Titis, Roman Boca","Structure and magnetism of a Mn(III)-Mn(II)-Mn(II)-Mn(III) chain complex",2013,"DALTON TRANSACTIONS","","","",172,"2017-01-06","Journal article","10.1039/c3dt50940k","1477-9226","",42,26,9490,9494,4
2,"Tibor Maliar, Maria Maliarova, Jan Kraic, Miroslav Ondrejovic, Ivana Psenakova, Michaela Havrlentova","Thermal and acido-basic stability of antioxidant properties of extracts from cereal and pseudocereal grains",2013,"BIOLOGIA","","","",173,"2017-01-06","Journal article","10.2478/s11756-012-0141-7","0006-3088","",68,1,99,104,2
7,"L. Tisakova, M. Pipiska, A. Godany, M. Hornik, B. Vidova, J. Augustin","Bioaccumulation of Cs-137 and Co-60 by bacteria isolated from spent nuclear fuel pools",2013,"JOURNAL OF RADIOANALYTICAL AND NUCLEAR CHEMISTRY","","","",174,"2017-01-06","Journal article","10.1007/s10967-012-1932-6","0236-5731","",295,1,737,748,7
15,"F. Puspasari, O. K. Radjasa, A. S. Noer, Z. Nurachman, Y. M. Syah, M. van der Maarel, L. Dijkhuizen, S. Janecek, D. Natalia","Raw starch-degrading alpha-amylase from Bacillus aquimaris MKSC 6.2: isolation and expression of the gene, bioinformatics and biochemical characterization of the recombinant enzyme",2013,"JOURNAL OF APPLIED MICROBIOLOGY","","","",175,"2017-01-06","Journal article","10.1111/jam.12025","1364-5072","",114,1,108,120,15
0,"Lenka Duchonova, Viera Horvathova, Ernest Sturdik","DEVELOPMENT OF INNOVATIVE FOODS ENRICHED BY FERMENTED LOW-ENERGY MAIZE PRODUCT",2013,"PROCEEDINGS OF THE 9TH INTERNATIONAL CONFERENCE ON POLYSACCHARIDES-GLYCOSCIENCE","","","",176,"2017-01-06","Review","","2336-6796","",0,0,95,98,0
0,"Viera Horvathova, Lenka Duchonova, Ernest Sturdik","DEVELOPMENT OF FERMENTED LOW-ENERGY PRODUCT FROM CORNMEAL AS FOOD ADDITIVE",2013,"PROCEEDINGS OF THE 9TH INTERNATIONAL CONFERENCE ON POLYSACCHARIDES-GLYCOSCIENCE","","","",177,"2017-01-06","Review","","2336-6796","",0,0,119,123,0
9,"J. Hudak, R. Boca, J. Moncol, J. Titis","Magnetism of dinuclear benzoato cobalt(II) complexes modeled by a general bilinear exchange",2013,"INORGANICA CHIMICA ACTA","","","",178,"2017-01-06","Journal article","10.1016/j.ica.2012.09.001","0020-1693","",394,0,401,409,9
2,"Jana Viskupicova, Martina Danihelova, Magdalena Majekova, Tibor Liptaj, Ernest Sturdik","Polyphenol fatty acid esters as serine protease inhibitors: a quantum-chemical QSAR analysis",2012,"JOURNAL OF ENZYME INHIBITION AND MEDICINAL CHEMISTRY","","","",179,"2017-01-06","Journal article","10.3109/14756366.2010.616860","1475-6366","",27,6,800,809,2
7,"Martin Vavra, Ivan Potocnak, Miroslava Marhefkova, Roman Boca, L'ubor Dlhan","Low-dimensional compounds containing cyanido groups. XXII. Crystal structure, spectroscopic, thermal and magnetic properties of four Cu(II) tetracyanidoplatinates with atypical chain-like structures",2012,"POLYHEDRON","","","",180,"2017-01-06","Journal article","10.1016/j.poly.2012.08.070","0277-5387","",48,1,227,236,7
0,"Eva Urgeova, Ludovit Polivka, Stefania Vaverkova","Onions - A potential source of biopesticides",2012,"JOURNAL OF BIOTECHNOLOGY","","","",181,"2017-01-06","Journal article","10.1016/j.jbiotec.2012.07.047","0168-1656","",161,0,21,21,0
0,"Viera Horvathova, Lukas Vetrik, Maria Babulicova, L'ubomir Rueckschloss","Effect fertilizing of cereals for ethanol production",2012,"JOURNAL OF BIOTECHNOLOGY","","","",182,"2017-01-06","Journal article","10.1016/j.jbiotec.2012.07.103","0168-1656","",161,0,35,35,0
10,"Stefan Janecek, Andrea Kuchtova","In silico identification of catalytic residues and domain fold of the family GH119 sharing the catalytic machinery with the alpha-amylase family GH57",2012,"FEBS LETTERS","","","",183,"2017-01-06","Journal article","10.1016/j.febslet.2012.07.020","0014-5793","",586,19,3360,3366,10
53,"Dmytro S. Nesterov, Eduard N. Chygorin, Volodymyr N. Kokozay, Volodymyr V. Bon, Roman Boca, Yuriy N. Kozlov, Lidia S. Shul'pina, Julia Jezierska, Andrew Ozarowski, Armando J. L. Pombeiro, Georgiy B. Shul'pin","Heterometallic (Co4Fe2III)-Fe-III Schiff Base Complex: Structure, Electron Paramagnetic Resonance, and Alkane Oxidation Catalytic Activity",2012,"INORGANIC CHEMISTRY","","","",184,"2017-01-06","Journal article","10.1021/ic301460q","0020-1669","",51,16,9110,9122,53
8,"E. Chmielewska, J. Lesny","Selective ion exchange onto Slovakian natural zeolites in aqueous solutions",2012,"JOURNAL OF RADIOANALYTICAL AND NUCLEAR CHEMISTRY","","","",185,"2017-01-06","Journal article","10.1007/s10967-012-1692-3","0236-5731","",293,2,535,543,8
12,"J. Titis, J. Hudak, J. Kozisek, A. Krutosikova, J. Moncol', D. Tarabova, R. Boca","Structural, spectral and magnetic properties of carboxylato cobalt(II) complexes with heterocyclic N-donor ligands: Reconstruction of magnetic parameters from electronic spectra",2012,"INORGANICA CHIMICA ACTA","","","",186,"2017-01-06","Journal article","10.1016/j.ica.2012.03.036","0020-1693","",388,0,106,113,12
5,"J. Maresova, L. Remenarova, M. Hornik, M. Pipiska, J. Augustin, J. Lesny","Foliar uptake of zinc by vascular plants: radiometric study",2012,"JOURNAL OF RADIOANALYTICAL AND NUCLEAR CHEMISTRY","","","",187,"2017-01-06","Journal article","10.1007/s10967-012-1642-0","0236-5731","",292,3,1329,1337,5
5,"Elena A. Buvaylo, Oksana V. Nesterova, Vladimir N. Kokozay, Olga Yu. Vassilyeva, Brian W. Skelton, Roman Boca, Dmytro S. Nesterov","Discussion of Planarity of Molecular Structures Using Novel Pentanuclear Cu/Ni Complexes as an Example",2012,"CRYSTAL GROWTH & DESIGN","","","",188,"2017-01-06","Journal article","10.1021/cg300353b","1528-7483","",12,6,3200,3208,5
26,"Lucia Remenarova, Martin Pipiska, Miroslav Hornik, Marian Rozloznik, Jozef Augustin, Juraj Lesny","Biosorption of cadmium and zinc by activated sludge from single and binary solutions: Mechanism, equilibrium and experimental design study",2012,"JOURNAL OF THE TAIWAN INSTITUTE OF CHEMICAL ENGINEERS","","","",189,"2017-01-06","Journal article","10.1016/j.jtice.2011.12.004","1876-1070","",43,3,433,443,26
14,"M. Idesicova, L. Dlhan, J. Moncol, J. Titis, R. Boca","Zero-field splitting in tetracoordinate Co(II) complexes",2012,"POLYHEDRON","","","",190,"2017-01-06","Journal article","10.1016/j.poly.2012.01.023","0277-5387","",36,1,79,84,14
8,"M. Sebova, R. Boca, L. Dlhan, I. Nemec, B. Papankova, J. Pavlik, H. Fuess","Direct determination of zero-field splitting in Co(II) complexes by FAR infrared spectroscopy",2012,"INORGANICA CHIMICA ACTA","","","",191,"2017-01-06","Journal article","10.1016/j.ica.2011.10.073","0020-1693","",383,0,143,151,8
13,"Tae-Yang Jung, Dan Li, Jong-Tae Park, Se-Mi Yoon, Phuong Lan Tran, Byung-Ha Oh, Stefan Janecek, Sung Goo Park, Eui-Jeon Woo, Kwan-Hwa Park","Association of Novel Domain in Active Site of Archaic Hyperthermophilic Maltogenic Amylase from Staphylothermus marinus",2012,"JOURNAL OF BIOLOGICAL CHEMISTRY","","","",192,"2017-01-06","Journal article","10.1074/jbc.M111.304774","0021-9258","",287,11,7979,7989,13
9,"Tatiana Durcekova, Katarina Boronova, Jan Mocak, Jozef Lehotay, Jozef Cizmarik","QSRR models for potential local anaesthetic drugs using high performance liquid chromatography",2012,"JOURNAL OF PHARMACEUTICAL AND BIOMEDICAL ANALYSIS","","","",193,"2017-01-06","Journal article","10.1016/j.jpba.2011.09.035","0731-7085","",59,0,209,216,9
22,"Eduard N. Chygorin, Oksana V. Nesterova, Julia A. Rusanoya, Vladimir N. Kokozay, Volodymyr V. Bon, Roman Boca, Andrew Ozarowski","Novel Heterometallic Schiff Base Complexes Featuring Unusual Tetranuclear {(Co2Fe2III)-Fe-III(mu-O)(6)} and Octanuclear {(Co4Fe4III)-Fe-III(mu-O)(14)} Cores: Direct Synthesis, Crystal Structures, and Magnetic Properties",2012,"INORGANIC CHEMISTRY","","","",194,"2017-01-06","Journal article","10.1021/ic2017962","0020-1669","",51,1,386,396,22
0,"Lucia Remenarova, Martin Pipiska, Miroslav Hornik, Marian Rozloznik, Jozef Augustin, Gerhard Soja","CADMIUM AND ZINC SORPTION FROM SINGLE AND BINARY SOLUTIONS BY STRAW BIOCHAR: THE ROLE OF FUNCTIONAL GROUPS",2012,"5TH INTERNATIONAL SYMPOSIUM ON BIOSORPTION AND BIOREMEDIATION","","","",195,"2017-01-06","Journal article","","","",0,0,33,37,0
2,"Jana Jurinova","The Use of Multimedia in Technical Education",2012,"DIVAI 2012: 9TH INTERNATIONAL SCIENTIFIC CONFERENCE ON DISTANCE LEARNING IN APPLIED INFORMATICS: CONFERENCE PROCEEDINGS","","","",196,"2017-01-06","Book","","","",0,0,165,173,2
0,"Lubomir Dasko, Jozef Drimal, Marta Klimekova, Eva Uergeova","Response of organically and conventionally produced potatoes to a controlled attack of a pathogen",2012,"JOURNAL OF FOOD AND NUTRITION RESEARCH","","","",197,"2017-01-06","Journal article","","1336-8672","",51,2,89,95,0
1,"Miroslav Ondrejovic, Filip Kraic, Hana Benkovicova, Stanislav Silhar","Optimisation of Antioxidant Extraction from Lemon Balm (Melissa officinalis)",2012,"CZECH JOURNAL OF FOOD SCIENCES","","","",198,"2017-01-06","Journal article","","1212-1800","",30,4,385,393,1
0,"Renata Gasparova, Jan Titis, Filip Kraic","Synthesis of Furo[3,2-b]pyrrole-5-carboxhydrazides and Their Cu, CO and Ni Complexes",2012,"SCIENTIFIC WORLD JOURNAL","","","",199,"2017-01-06","Journal article","10.1100/2012/915798","1537-744X","",0,0,1,4,0
0,"Frantisek Cacho, Lukas Lauko, Alena Manova, Jan Dzurov, Ernest Beinrohr","Sequential Determination of Total Arsenic and Cadmium in Concentrated Cadmium Sulphate Solutions by Flow-Through Stripping Chronopotentiometry after Online Cation Exchanger Separation",2012,"JOURNAL OF ANALYTICAL METHODS IN CHEMISTRY","","","",200,"2017-01-06","Journal article","10.1155/2012/814983","2090-8865","",0,0,0,0,0
45,"Jan Titis, Roman Boca","Magnetostructural D Correlations in Hexacoordinated Cobalt(II) Complexes",2011,"INORGANIC CHEMISTRY","","","",201,"2017-01-06","Journal article","10.1021/ic202108j","0020-1669","",50,22,11838,11845,45
0,"Daniela Chmelova, Miroslav Ondrejovic, Vladimr Ondas, Ernest Sturdik","Influence of cultivation conditions on production of lignocellulolytic enzymes by Ceriporiopsis subvermispora",2011,"BIOLOGIA","","","",202,"2017-01-06","Journal article","10.2478/s11756-011-0103-5","0006-3088","",66,5,748,754,0
1,"Natalia Faragova, Katarina Gottwaldova, Juraj Farago","Effect of transgenic alfalfa plants with introduced gene for Alfalfa Mosaic Virus coat protein on rhizosphere microbial community composition and physiological profile",2011,"BIOLOGIA","","","",203,"2017-01-06","Journal article","10.2478/s11756-011-0082-6","0006-3088","",66,5,768,777,1
0,"Juraj Farago, Filip Kluciarovsky, Ivana Psenakova","Bioactive polyphenols and flavonoids in cell cultures of hops (Humulus lupulus L.)",2011,"CURRENT OPINION IN BIOTECHNOLOGY","","","",204,"2017-01-06","Journal article","10.1016/j.copbio.2011.05.466","0958-1669","",22,0,0,0,0
0,"Viera Horvathova, Jana Jurovata, Frantisek Gago, Ernest Sturdik","Fermentation of wheat and triticale and analysis of the nutrition benefit components in solid fractions obtained during the ethanol conversion",2011,"CURRENT OPINION IN BIOTECHNOLOGY","","","",205,"2017-01-06","Journal article","10.1016/j.copbio.2011.05.486","0958-1669","",22,0,0,0,0
7,"Cyril Rajnak, Jan Titis, Roman Boca, Jan Moncol', Zdenka Padelkova","Self-assembled cobalt(II) Schiff base complex: synthesis, structure, and magnetic properties",2011,"MONATSHEFTE FUR CHEMIE","","","",206,"2017-01-06","Journal article","10.1007/s00706-011-0521-7","0026-9247","",142,8,789,795,7
0,"Zuzana Sramkova, Edita Gregova, Svetlana Slikova, Ernest Sturdik","Diversity of seed storage proteins in common wheat (Triticum aestivum L.)",2011,"PLANT GENETIC RESOURCES-CHARACTERIZATION AND UTILIZATION","","","",207,"2017-01-06","Journal article","10.1017/S1479262111000554","1479-2621","",9,2,256,259,0
0,"Vladimir Ondas, Viera Horvathova, Ernest Sturdik","Lipids-free waxy corn starch as a substrate for distillery yeasts Saccharomyces cerevisiae",2011,"BIOLOGIA","","","",208,"2017-01-06","Journal article","10.2478/s11756-011-0047-9","0006-3088","",66,3,395,400,0
3,"Barbora Vidova, Eva Tothova, L'uboslav Blahut, Viera Horvathova, Andrej Godany","Multiplex PCR for detection of Escherichia coli O157:H7 in foods",2011,"BIOLOGIA","","","",209,"2017-01-06","Journal article","10.2478/s11756-011-0052-z","0006-3088","",66,3,401,405,3
30,"Dmytro S. Nesterov, Volodymyr N. Kokozay, Julia Jezierska, Oleksiy V. Pavlyuk, Roman Boca, Armando J. L. Pombeiro","Heterometallic Cu/Co and Cu/Co/Zn Complexes Bearing Rare Asymmetric Tetranuclear Cores: Synthesis, Structures, and Magnetic and Catalytic Properties Toward the Peroxidative Oxidation of Cycloalkanes",2011,"INORGANIC CHEMISTRY","","","",210,"2017-01-06","Journal article","10.1021/ic102543m","0020-1669","",50,10,4401,4411,30
11,"J. Hudak, R. Boca, L. Dlhan, J. Kozisek, J. Moncol","Structure and magnetism of mono-, di-, and trinuclear benzoato cobalt(II) complexes",2011,"POLYHEDRON","","","",211,"2017-01-06","Journal article","10.1016/j.poly.2011.02.047","0277-5387","",30,7,1367,1373,11
8,"M. Sebova, V. Jorik, J. Moncol, J. Kozisek, R. Boca","Structure and magnetism of Co(II) complexes with bidentate heterocyclic ligand Hsalbim derived from benzimidazole",2011,"POLYHEDRON","","","",212,"2017-01-06","Journal article","10.1016/j.poly.2011.01.021","0277-5387","",30,6,1163,1170,8
27,"L. Vrtoch, M. Pipiska, M. Hornik, J. Augustin, J. Lesny","Sorption of cesium from water solutions on potassium nickel hexacyanoferrate-modified Agaricus bisporus mushroom biomass",2011,"JOURNAL OF RADIOANALYTICAL AND NUCLEAR CHEMISTRY","","","",213,"2017-01-06","Journal article","10.1007/s10967-010-0837-5","0236-5731","",287,3,853,862,27
4,"Tibor Maliar, Jarmila Drobna, Jan Kraic, Maria Maliarova, Jana Jurovata","Proteinase inhibition and antioxidant activity of selected forage crops",2011,"BIOLOGIA","","","",214,"2017-01-06","Journal article","10.2478/s11756-010-0149-9","0006-3088","",66,1,96,103,4
10,"Martin Vavra, Ivan Potocnak, Erik Cizmar, Marcela Kajnakova, Michal Dusek, Harry Schmidt, Mykhaylo Ozerov, Sergei A. Zvyagin, L'ubor Dlhan, Roman Boca","Low-dimensional compounds containing cyanido groups. XXI. Crystal structure, spectroscopic, thermal and magnetic properties of two polymorphous, modifications of [Cu(men)(2)Pt(CN)4](n) complex ((men) = N-methyl-1,2-diaminoethane)",2011,"POLYHEDRON","","","",215,"2017-01-06","Journal article","10.1016/j.poly.2010.10.009","0277-5387","",30,2,269,278,10
29,"Jana Maresova, Martin Pipiska, Marian Rozloznik, Miroslav Hornik, Lucia Remenarova, Jozef Augustin","Cobalt and strontium sorption by moss biosorbent: Modeling of single and binary metal systems",2011,"DESALINATION","","","",216,"2017-01-06","Journal article","10.1016/j.desal.2010.08.014","0011-9164","",266,1,134,141,29
3,"Tatiana Durcekova, Jan Mocak, Katarina Boronova, Jan Balla","Effect of the statin therapy on biochemical laboratory tests-A chemometrics study",2011,"JOURNAL OF PHARMACEUTICAL AND BIOMEDICAL ANALYSIS","","","",217,"2017-01-06","Journal article","10.1016/j.jpba.2010.07.047","0731-7085","",54,1,141,147,3
2,"Jarmila Kovacova, Jozef Lehotay, Eva Urgeova, Jan Mocak, Jozef Cizmarik","DETERMINATION OF SELECTED FLAVONOIDS IN HOP EXTRACT BY HPLC",2011,"JOURNAL OF LIQUID CHROMATOGRAPHY & RELATED TECHNOLOGIES","","","",218,"2017-01-06","Journal article","10.1080/10826076.2011.551596","1082-6076","",34,5,329,340,2
26,"Michaela Havrlentova, Zuzana Petrulakova, Alena Burgarova, Frantisek Gago, Andrea Hlinkova, Ernest Sturdik","Cereal beta-glucans and their Significance for the Preparation of Functional Foods - A Review",2011,"CZECH JOURNAL OF FOOD SCIENCES","","","",219,"2017-01-06","Journal article","","1212-1800","",29,1,1,14,26
1,"Peter Nemecek, Jan Mocak, Jozef Lehotay, Karel Waisser","PREDICTION OF HPLC RETENTION FACTOR OF POTENTIAL ANTITUBERCULOTICS BY QSRR",2011,"JOURNAL OF LIQUID CHROMATOGRAPHY & RELATED TECHNOLOGIES","","","",220,"2017-01-06","Journal article","10.1080/10826076.2011.545747","1082-6076","",34,3,168,181,1
3,"L. Rabara, M. Aranyosiova, D. Velic","Thiolated cyclodextrin self-assembled monolayer-like characterized with secondary ion mass spectrometry",2011,"APPLIED SURFACE SCIENCE","","","",221,"2017-01-06","Journal article","10.1016/j.apsusc.2010.09.020","0169-4332","",257,6,1886,1892,3
0,"Renata Novakova","Scientific-Research Cluster as a form of Knowledge Transfer",2011,"DRVNA INDUSTRIJA","","","",222,"2017-01-06","Journal article","10.5552/drind.2011.1120","0012-6772","",62,4,291,300,0
0,"Daniela Borosova, Alena Manova, Jan Mocak, Ernest Beinrohr","Determination of nickel in hair samples by graphite furnace atomic absorption spectrometry and flow-through stripping chronopotentiometry",2010,"ANALYTICAL METHODS","","","",223,"2017-01-06","Journal article","10.1039/c0ay00007h","1759-9660","",2,12,1913,1917,0
0,"Viera Mrazova, Jan Mocak, Adriana Bednarova, Jan Balla","Comparison of IFCC and NGSP methods for determination of glycated haemoglobin using advanced regression techniques",2010,"CENTRAL EUROPEAN JOURNAL OF CHEMISTRY","","","",224,"2017-01-06","Journal article","10.2478/s11532-010-0096-x","1895-1066","",8,6,1216,1222,0
25,"Roman Boca, Radovan Herchel","Antisymmetric exchange in polynuclear metal complexes",2010,"COORDINATION CHEMISTRY REVIEWS","","","",225,"2017-01-06","Journal article","10.1016/j.ccr.2010.06.012","0010-8545","",254,23,2973,3025,25
0,"Jana Jurovata, Frantisek Gago, Zuzana Sramkova, Filip Kraic, Ernest Sturdik","Content of Selected Nutrition and Health Benefit Components in the Wheat Varieties",2010,"JOURNAL OF BIOTECHNOLOGY","","","",226,"2017-01-06","Journal article","10.1016/j.jbiotec.2010.09.305","0168-1656","",150,0,0,0,0
1,"V. O. Ondas, V. H. Horvathova, H. N. Novanska, M. B. Blazkova, E. S. Sturdik","Assessment of waxy and non-waxy corn and wheat cultivars in terms of ethanol fermentation",2010,"JOURNAL OF BIOTECHNOLOGY","","","",227,"2017-01-06","Journal article","10.1016/j.jbiotec.2010.08.410","0168-1656","",150,0,0,0,1
32,"Jana Viskupicova, Martina Danihelova, Miroslav Ondrejovic, Tibor Liptaj, Ernest Sturdik","Lipophilic rutin derivatives for antioxidant protection of oil-based foods",2010,"FOOD CHEMISTRY","","","",228,"2017-01-06","Journal article","10.1016/j.foodchem.2010.03.125","0308-8146","",123,1,45,50,32
5,"Andrej Godany, Katarina Majzlova, Viera Horvathova, Barbora Vidova, Stefan Janecek","Tyrosine 39 of GH13 alpha-amylase from Thermococcus hydrothermalis contributes to its thermostability",2010,"BIOLOGIA","","","",229,"2017-01-06","Journal article","10.2478/s11756-010-0030-x","0006-3088","",65,3,408,415,5
3,"L'. Lajdova, E. Jona, J. Miklovic, P. Segl'a, L'. Kvasnicova, S. Snircova, R. Janik, S. C. Mojumdar","Thermal properties of solid complexes with biologically important heterocyclic ligands",2010,"JOURNAL OF THERMAL ANALYSIS AND CALORIMETRY","","","",230,"2017-01-06","Journal article","10.1007/s10973-010-0684-1","1388-6150","",100,3,857,860,3
45,"Jan Titis, Roman Boca","Magnetostructural D Correlation in Nickel(II) Complexes: Reinvestigation of the Zero-Field Splitting",2010,"INORGANIC CHEMISTRY","","","",231,"2017-01-06","Journal article","10.1021/IC902569z","0020-1669","",49,9,3971,3973,45
11,"Valentyna V. Semenaka, Oksana V. Nesterova, Volodymyr N. Kokozay, Roman I. Zybatyuk, Oleg V. Shishkin, Roman Boca, Carlos J. Gomez-Garcia, Juan M. Clemente-Juan, Julia Jezierska","Structural and magnetic studies of tetranuclear heterometallic M/Cr (M = Co, Mn) complexes self-assembled from zerovalent cobalt or manganese, Reineckes salt and diethanolamine",2010,"POLYHEDRON","","","",232,"2017-01-06","Journal article","10.1016/j.poly.2009.12.032","0277-5387","",29,4,1326,1336,11
2,"T. Durcekova, J. Mocak, J. Lehotay, J. Cizmarik, K. Boronova","Chemometrical study of the anaesthetical activity of alkoxyphenylcarbamic acid esters",2010,"PHARMAZIE","","","",233,"2017-01-06","Journal article","10.1691/ph.2010.9691","0031-7144","",65,3,169,174,2
17,"Margita Lacova, Renata Gasparova, Pavol Kois, Andrej Bohac, Hafez M. El-Shaaer","A facile route to phenyl, phenylsulfanyl and phenylselanyl substituted pyrano[3,2-c]chromenes",2010,"TETRAHEDRON","","","",234,"2017-01-06","Journal article","10.1016/j.tet.2009.11.057","0040-4020","",66,6,1410,1419,17
3,"A. Jedinak, M. Valachova, T. Maliar, E. Sturdik","Antiprotease activity of selected Slovak medicinal plants",2010,"PHARMAZIE","","","",235,"2017-01-06","Journal article","10.1691/ph.2010.9668","0031-7144","",65,2,137,140,3
25,"B. Papankova, R. Boca, L. Dlhan, I. Nemec, J. Titis, I. Svoboda, H. Fuess","Magneto-structural relationships for a mononuclear Co(II) complex with large zero-field splitting",2010,"INORGANICA CHIMICA ACTA","","","",236,"2017-01-06","Journal article","10.1016/j.ica.2009.09.028","0020-1693","",363,1,147,156,25
11,"Martin Pipiska, Miroslav Hornik, Lucia Remenarova, Jozef Augustin, Juraj Lesny","Biosorption of Cadmium, Cobalt and Zinc by Moss Rhytidiadelphus squarrosus in the Single and Binary Component Systems",2010,"ACTA CHIMICA SLOVENICA","","","",237,"2017-01-06","Journal article","","1318-0207","",57,1,163,172,11
0,"Andrej Trnka","Six Sigma Methodology with Fraud Detection",2010,"ADVANCES IN DATA NETWORKS, COMMUNICATIONS, COMPUTERS","","","",238,"2017-01-06","Review","","1792-6157","",0,0,162,165,0
7,"Lucia Kovacikova, Renata Gasparova, Andrej Bohac, Marian Durana, Margita Lacova","Synthesis of 3-phenyl-2H,5H-pyrano[3,2-c]chromen-2-one derivatives and their antineoplastic activity",2010,"ARKIVOC","","","",239,"2017-01-06","Journal article","","1551-7004","",0,0,188,203,7
56,"Zita Puterova, Alzbeta Krutosikova, Daniel Vegh","Gewald reaction: synthesis, properties and applications of substituted 2-aminothiophenes",2010,"ARKIVOC","","","",240,"2017-01-06","Journal article","","1551-7004","",0,0,209,246,56
30,"Ivan Salitros, Jan Pavlik, Roman Boca, Olaf Fuhr, Chandrasekar Rajadurai, Mario Ruben","Supramolecular lattice-solvent control of iron(II) spin transition parameters",2010,"CRYSTENGCOMM","","","",241,"2017-01-06","Journal article","10.1039/c002082f","1466-8033","",12,8,2361,2368,30
25,"Roman Boca, Ivan Salitros, Jozef Kozisek, Jorge Linares, Jan Moncol, Franz Renz","Spin crossover in a heptanuclear mixed-valence iron complex",2010,"DALTON TRANSACTIONS","","","",242,"2017-01-06","Journal article","10.1039/b919120h","1477-9226","",39,9,2198,2200,25
9,"Valentyna V. Semenaka, Oksana V. Nesterova, Volodymyr N. Kokozay, Roman I. Zybatyuk, Oleg V. Shishkin, Roman Boca, Denys V. Shevchenko, Ping Huang, Stenbjorn Styring","Direct synthesis of an heterometallic {(Mn3Cr4III)-Cr-II} wheel by decomposition of Reineckes salt",2010,"DALTON TRANSACTIONS","","","",243,"2017-01-06","Journal article","10.1039/b920375c","1477-9226","",39,9,2344,2349,9
0,"Viera Horvathova, Vladimir Ondas, Katarina Tomsikova, Ernest Sturdik","FRACTIONATION OF WHEAT GROATS FOR FERMENTATIVE ETHANOL PRODUCTION",2010,"PROCEEDINGS OF THE 6TH INTERNATIONAL CONFERENCE ON POLYSACCHARIDES-GLYCOSCIENCE","","","",244,"2017-01-06","Review","","2336-6796","",0,0,103,107,0
0,"Jana Jurovata, Hana Sukopova, Filip Kraic, Frantisek Gago","CHEMOMETRIC EVALUATION OF WHEAT QUALITY FOR BIOFUEL PRODUCTION",2010,"PROCEEDINGS OF THE 6TH INTERNATIONAL CONFERENCE ON POLYSACCHARIDES-GLYCOSCIENCE","","","",245,"2017-01-06","Review","","2336-6796","",0,0,121,123,0
0,"Vladimir Ondas, Kristina Vasinova, Viera Horvathova, Ernest Sturdik","LIPIDS CONTENT DECREASING FOR BETTER CORN STARCH UTILIZATION",2010,"PROCEEDINGS OF THE 6TH INTERNATIONAL CONFERENCE ON POLYSACCHARIDES-GLYCOSCIENCE","","","",246,"2017-01-06","Review","","2336-6796","",0,0,154,158,0
0,"Andrej Trnka","Classification and Regression Trees as a Part of Data Mining in Six Sigma Methodology",2010,"WORLD CONGRESS ON ENGINEERING AND COMPUTER SCIENCE, VOLS 1 AND 2","","","",247,"2017-01-06","Book","","","",0,0,449,453,0
3,"Viera Mrazova, Jan Mocak, Elena Varmusova, Denisa Kavkova, Adriana Bednarova","Use of multidimensional data analysis for prediction of lung malignity",2009,"JOURNAL OF PHARMACEUTICAL AND BIOMEDICAL ANALYSIS","","","",248,"2017-01-06","Journal article","10.1016/j.jpba.2009.04.018","0731-7085","",50,2,210,215,3
89,"Camilla Christiansen, Maher Abou Hachem, Stefan Janecek, Anders Vikso-Nielsen, Andreas Blennow, Birte Svensson","The carbohydrate-binding module family 20-diversity, structure, and function",2009,"FEBS JOURNAL","","","",249,"2017-01-06","Journal article","10.1111/j.1742-4658.2009.07221.x","1742-464X","",276,18,5006,5029,89
16,"Renata Huskova, Eva Matisova, Lubomir Svorc, Jan Mocak, Michal Kirchner","Comparison of negative chemical ionization and electron impact ionization in gas chromatography-mass spectrometry of endocrine disrupting pesticides",2009,"JOURNAL OF CHROMATOGRAPHY A","","","",250,"2017-01-06","Journal article","10.1016/j.chroma.2009.04.045","0021-9673","",1216,24,4927,4932,16
0,"Jan Halgas, Viera Kolenova, Zuzana Stevikova, Lucia Perasinova, Jozef Kozisek","New Cu(II), Co(II), and Ni(II) complexes with thieno[2,3-b]pyridine and 2-methylthieno[2,3-b]pyridine as ligands: Synthesis and crystal structures",2009,"CHEMICAL PAPERS","","","",251,"2017-01-06","Journal article","10.2478/s11696-009-0015-9","0366-6352","",63,3,323,328,0
8,"J. Viskupicova, M. Ondrejovic, E. Sturdik","The potential and practical applications of acylated flavonoids",2009,"PHARMAZIE","","","",252,"2017-01-06","Journal article","10.1691/ph.2009.9501","0031-7144","",64,6,355,360,8
5,"L' Lajdova, E. Jona, S. Snircova, J. Miklovic, P. Segl'a, M. Pajtasova, D. Ondrusova, S. C. Mojumdar","Thermal properties of solid complexes with biologically important heterocyclic ligands",2009,"JOURNAL OF THERMAL ANALYSIS AND CALORIMETRY","","","",253,"2017-01-06","Journal article","10.1007/s10973-008-9838-9","1388-6150","",96,1,59,62,5
73,"S. C. Mojumdar, P. Simon, A. Krutosikova","[1]Benzofuro[3,2-c]pyridine synthesis and coordination reactions",2009,"JOURNAL OF THERMAL ANALYSIS AND CALORIMETRY","","","",254,"2017-01-06","Journal article","10.1007/s10973-008-9881-6","1388-6150","",96,1,103,109,73
35,"Dasa Kruzlicova, Jan Mocak, Branko Balla, Jan Petka, Marta Farkova, Josef Havel","Classification of Slovak white wines using artificial neural networks and discriminant techniques",2009,"FOOD CHEMISTRY","","","",255,"2017-01-06","Journal article","10.1016/j.foodchem.2008.06.047","0308-8146","",112,4,1046,1052,35
3,"Katja Snuderl, Jan Mocak, Darinka Brodnjak-Voncina, Bibiana Sedlackova","Classification of White Varietal Wines Using Chemical Analysis and Sensorial Evaluations",2009,"ACTA CHIMICA SLOVENICA","","","",256,"2017-01-06","Journal article","","1318-0207","",56,4,765,772,3
2,"Miroslav Ondrejovic, Tibor Maliar, L'udovit Polivka, Stanislav Silhar","Apple Polyphenols",2009,"CHEMICKE LISTY","","","",257,"2017-01-06","Journal article","","0009-2770","",103,5,394,400,2
16,"Martin Machovic, Stefan Janecek","Domain evolution in the GH13 pullulanase subfamily with focus on the carbohydrate-binding module family 48",2008,"BIOLOGIA","","","",258,"2017-01-06","Journal article","10.2478/s11756-008-0162-4","0006-3088","",63,6,1057,1068,16
2,"Roman Boca, Ivan Salitros","Photoswitching of a heptanuclear Fe-II-Fe-III complex - A case of multifunctional magnetic materials",2008,"CHEMICAL PAPERS","","","",259,"2017-01-06","Journal article","10.2478/s11696-008-0078-z","0366-6352","",62,6,575,579,2
11,"Peter Segl'a, Jozef Miklovic, Dusan Miklos, Jan Titis, Radovan Herchel, Jan Moncol, Barbora Kalinakova, Daniela Hudecova, Viera Mrazova, Tadeusz Lis, Milan Melnik","Crystal structure, spectroscopic and magnetic properties, and antimicrobial activities of cobalt(II) 2-methylthionicotinate complexes with N-heterocyclic ligands",2008,"TRANSITION METAL CHEMISTRY","","","",260,"2017-01-06","Journal article","10.1007/s11243-008-9137-0","0340-4285","",33,8,967,974,11
3,"Filip Kraic, Jan Mocak, Zeljka Fiket, Goran Kniewald","ICP MS analysis and classification of potable, spring, and mineral waters",2008,"CHEMICAL PAPERS","","","",261,"2017-01-06","Journal article","10.2478/s11696-008-0063-6","0366-6352","",62,5,445,450,3
4,"Jozef Miklovic, Peter Segl'a, Dusan Miklos, Jan Titis, Radovan Herchel, Milan Melnik","Copper(II) and cobalt(II) hydroxypyridinecarboxylates: Synthesis, crystal structures, spectral and magnetic properties",2008,"CHEMICAL PAPERS","","","",262,"2017-01-06","Journal article","10.2478/s11696-008-0056-5","0366-6352","",62,5,464,471,4
4,"Ivana Bradiakova, Nada Pronayova, Anton Gatial, Alzbeta Krutosikova","Synthesis and reactions of 2-[3-(trifluoromethyl)phenyl]furo[3,2-c]pyridine",2008,"CHEMICAL PAPERS","","","",263,"2017-01-06","Journal article","10.2478/s11696-008-0039-6","0366-6352","",62,4,428,434,4
2,"Renata Gasparova, Martin Moncman, Branislav Horvath","Microwave assisted reactions of 2-[3-(trifluoromethyl)phenyl]-4-R(1)-furo[3,2-b] pyrrole-5-carboxhydrazides",2008,"CENTRAL EUROPEAN JOURNAL OF CHEMISTRY","","","",264,"2017-01-06","Journal article","10.2478/s11532-008-0009-4","1895-1066","",6,2,180,187,2
44,"Michal Kirchner, Renata Huskova, Eva Matisova, Jan Mocak","Fast gas chromatography for pesticide residues analysis using analyte protectants",2008,"JOURNAL OF CHROMATOGRAPHY A","","","",265,"2017-01-06","Journal article","10.1016/j.chroma.2007.08.089","0021-9673","",1186,1,271,280,44
2,"Jozef Miklovic, Jan Moncol, Dusan Miklos, Peter Segla, Marian Koman","trans-tetraaquabis[3-(3-pyridyl)acrylato-kappa N]cobalt(II)",2008,"ACTA CRYSTALLOGRAPHICA SECTION E-STRUCTURE REPORTS ONLINE","","","",266,"2017-01-06","Journal article","10.1107/S1600536808002559","1600-5368","",64,0,0,0,2
4,"Martin Pipiska, Miroslav Hornik, Jana Sekacova, Jozef Augustin, Juraj Lesny","INFLUENCE OF COMPLEXING LIGANDS AND MINERAL NUTRIENTS ON ZINC FOLIAR UPTAKE AND TRANSLOCTION IN VASCULAR PLANTS",2008,"CEREAL RESEARCH COMMUNICATIONS","","","",267,"2017-01-06","Journal article","","0133-3720","",36,0,415,418,4
6,"Miroslav Hornik, Martin Pipiska, Martina Kociova, Jozef Augustin, Juraj Lesny","INFLUENCE OF CHELATING AGENTS ON Co-60 UPTAKE BY FRESH WATER ALGAE",2008,"CEREAL RESEARCH COMMUNICATIONS","","","",268,"2017-01-06","Journal article","","0133-3720","",36,0,419,422,6
1,"Daniela Mikulikova, Viera Horvathova, Alzbeta Zofajova","Starch level and composition of wheat, rye and triticale grains",2008,"CHEMICKE LISTY","","","",269,"2017-01-06","Journal article","","0009-2770","",102,9,822,828,1
14,"M. Pipiska, M. Hornik, L. Vrtoch, J. Augustin, J. Lesny","Biosorption of Zn and Co ions by Evernia prunastri from single and binary metal solutions",2008,"CHEMISTRY AND ECOLOGY","","","",270,"2017-01-06","Journal article","10.1080/02757540802069498","0275-7540","",24,3,181,190,14
5,"Katarina Szarazova, Agata Fargasova, Edgar Hiller, Zuzana Velicka, Jana Pastierova","Phytotoxic effects and translocation of Cr and Ni in washing wastewaters from a cutlery production line to mustard (Sinapis alba L.) seedlings",2008,"FRESENIUS ENVIRONMENTAL BULLETIN","","","",271,"2017-01-06","Journal article","","1018-4619","",17,1,58,65,5
2,"Dasa Kruzlicova, Jan Mocak, Jan Hrivnak","Classification of wine varieties using multivariate analysis of data obtained by gas chromatography with microcolumn extraction",2008,"JOURNAL OF FOOD AND NUTRITION RESEARCH","","","",272,"2017-01-06","Journal article","","1336-8672","",47,1,37,44,2
4,"Dasa Kruzlcova, Jan Mocak, Evangelos Katsoyannos, Ernst Lankmayr","Classification and characterization of olive oils by UV-Vis absorption spectrometry and sensorial analysis",2008,"JOURNAL OF FOOD AND NUTRITION RESEARCH","","","",273,"2017-01-06","Journal article","","1336-8672","",47,4,181,188,4
10,"I. Janiga, J. Mocak, I. Garaj","Comparison of Minimum Detectable Concentration with the IUPAC Detection Limit",2008,"MEASUREMENT SCIENCE REVIEW","","","",274,"2017-01-06","Journal article","10.2478/v10048-008-0028-5","1335-8871","",8,5,108,110,10
3,"K. Svetkova, A. Fargasova","Phytotoxicity of washing wastewaters from a cutlery production line",2007,"BULLETIN OF ENVIRONMENTAL CONTAMINATION AND TOXICOLOGY","","","",275,"2017-01-06","Journal article","10.1007/s00128-007-9143-5","0007-4861","",79,1,109,113,3
13,"Martin Pipiska, Miroslav Hornik, Lubos Vrtoch, Jozef Augustin, Juraj Lesny","Biosorption of Co2+ ions by lichen Hypogymnia physodes from aqueous solutions",2007,"BIOLOGIA","","","",276,"2017-01-06","Journal article","10.2478/s11756-007-0047-y","0006-3088","",62,3,276,282,13
4,"Margit Barkoczi, Pal Szakal, Rezso Schmidt, Juraj Lesny, Dora Beke","Beneficial and harmful effects of using Vinasse",2007,"CEREAL RESEARCH COMMUNICATIONS","","","",277,"2017-01-06","Journal article","10.1556/CRC.35.2007.2.14","0133-3720","",35,2,221,224,4
3,"Miroslav Hornik, Martin Pipiska, Jozef Augustin, Juraj Lesny, Martina Kociova","Distribution of Cs-137 and Co-60 in components of fresh water system",2007,"CEREAL RESEARCH COMMUNICATIONS","","","",278,"2017-01-06","Journal article","10.1556/CRC.35.2007.2.77","0133-3720","",35,2,473,476,3
3,"Miroslav Hornik, Martin Pipiska, Jozef Augustin, Juraj Lesny, Zuzana Baratova","Distribution of Cs-137 and Co-60 in fresh water plants",2007,"CEREAL RESEARCH COMMUNICATIONS","","","",279,"2017-01-06","Journal article","10.1556/CRC.35.2007.2.78","0133-3720","",35,2,477,480,3
2,"Martin Pipiska, Luhos Vrtoch, Miroslav Hornik, Joze Augustin, Juraj Lesny","Uptake of Cs-137 and Co-60 by bryophytes and lichens",2007,"CEREAL RESEARCH COMMUNICATIONS","","","",280,"2017-01-06","Journal article","10.1556/CRC.35.2007.2.191","0133-3720","",35,2,929,932,2
4,"L. Chriastel, Y. Kawase, H. Znad","Hydrodynamic modelling of internal loop airlift reactor applying drift-flux model in bubbly flow regime",2007,"CANADIAN JOURNAL OF CHEMICAL ENGINEERING","","","",281,"2017-01-06","Journal article","","0008-4034","",85,2,226,232,4
6,"Radovan Herchel, Roman Boca, Milan Gembicky, Karsten Falk, Hartmut Fuess, Wolfgang Haase, Ingrid Svoboda","Magnetic properties of a manganese(II) trinuclear complex involving a tridentate Schiff-base ligand",2007,"INORGANIC CHEMISTRY","","","",282,"2017-01-06","Journal article","10.1021/ic061717b","0020-1669","",46,5,1544,1546,6
4,"Katarina Valachova, Viera Horvathova","Starch degradation by glucoamylase Glm from Saccharomycopsis fibuligera IFO 0111 in the presence and absence of a commercial pullulanase",2007,"CHEMISTRY & BIODIVERSITY","","","",283,"2017-01-06","Journal article","10.1002/cbdv.200790074","1612-1872","",4,5,874,880,4
8,"Viera Horvathova, Andrej Godany, Emest Sturdik, Stefan Janecek","alpha-amylase from Thermococcus hydrothermalis: Re-cloning aimed at the improved expression and hydrolysis of corn starch",2006,"ENZYME AND MICROBIAL TECHNOLOGY","","","",284,"2017-01-06","Journal article","10.1016/j.enzmictec.2006.03.016","0141-0229","",39,6,1300,1305,8
4,"P. Gajdos, J. Miklovic, A. Krutosikova","Reactions of 5-[3-(trifluoromethyl)phenyl]furan-2-carbaldehyde",2006,"KHIMIYA GETEROTSIKLICHESKIKH SOEDINENII","","","",285,"2017-01-06","Journal article","","0132-6244","",0,6,825,831,4
17,"Orhan Atakol, Roman Boca, Ismail Ercan, Filiz Ercan, Hartmut Fuess, Wolfgang Haase, Radovan Herchel","Magnetic properties of trinuclear Ni-M-Ni complexes, M = Mn, Co and Ni",2006,"CHEMICAL PHYSICS LETTERS","","","",286,"2017-01-06","Journal article","10.1016/j.cplett.2006.03.067","0009-2614","",423,1,192,196,17
30,"A Jedinak, T Maliar, D Grancai, M Nagy","Inhibition activities of natural products on serine proteases",2006,"PHYTOTHERAPY RESEARCH","","","",287,"2017-01-06","Journal article","10.1002/ptr.1836","0951-418X","",20,3,214,217,30
3,"M Hornik, M Pipiska, L Vrtoch, J Augustin, J Lesny","Biosorption of radiocobalt by Lichen Hypogymnia physodes",2006,"CEREAL RESEARCH COMMUNICATIONS","","","",288,"2017-01-06","Journal article","","0133-3720","",34,1,25,28,3
0,"M Pipiska, L Zavodska, M Hornik, J Augustin, J Lesny, P Szakal, R Schmidt","Behaviour of radiostrontium in environment",2006,"CEREAL RESEARCH COMMUNICATIONS","","","",289,"2017-01-06","Journal article","","0133-3720","",34,1,69,72,0
1,"L Zavodska, J Lesny, P Szakal, R Schmidt","Basic characterisation and radiometric strontium sorption study of lignite from south-west Slovakia",2006,"CEREAL RESEARCH COMMUNICATIONS","","","",290,"2017-01-06","Journal article","","0133-3720","",34,1,109,112,1
5,"M. Budova, K. Fojtikova, J. Miklovic, V. Mrazova, B. Horvath, A. Krutosikova","Synthesis and reactions of 2-and 4-substituted furo[3,2-c]pyridines",2006,"CHEMICAL PAPERS-CHEMICKE ZVESTI","","","",291,"2017-01-06","Journal article","10.2478/s11696-006-0041-9","0366-6352","",60,3,231,236,5
5,"M Kociova, M Pipiska, M Hornik, J Augustin","Bioaccumulation of radiocesium by lichen Hypogymnia physodes",2005,"BIOLOGIA","","","",292,"2017-01-06","Journal article","","0006-3088","",60,6,655,660,5
6,"R Gasparova, D Zbojek, M Lacova, K Kral'ova, A Gatial, B Horvath, A Krutosikova","Reactions of substituted furo [3,2-b]pyrrole-5-carboxhydrazides and their biological activity",2005,"CENTRAL EUROPEAN JOURNAL OF CHEMISTRY","","","",293,"2017-01-06","Journal article","","1895-1066","",3,4,622,646,6
28,"R Gasparova, M Lacova","Reactions of 3-formylchromone with active methylene and methyl compounds and some subsequent reactions of the resulting condensation products.",2005,"MOLECULES","","","",294,"2017-01-06","Journal article","10.3390/10080937","1420-3049","",10,8,937,960,28
0,"M Kokindova, J Kraic","Genetic variation of Triticum turgidum accessions characterized by DNA markers",2005,"BIOLOGIA","","","",295,"2017-01-06","Journal article","","0006-3088","",60,4,451,456,0
0,"V Durikovic, M Durikovicova","Topological structure of solution sets to parabolic problems",2005,"TOPOLOGICAL METHODS IN NONLINEAR ANALYSIS","","","",296,"2017-01-06","Journal article","","1230-3429","",25,2,313,348,0
10,"A Jedinak, J Farago, I Psenakova, T Maliar","Approaches to flavonoid production in plant tissue cultures",2004,"BIOLOGIA","","","",297,"2017-01-06","Journal article","","0006-3088","",59,6,697,710,10
17,"J Miklovic, A Krutosikova, P Baran","Two furopyridine complexes of nickel(II) isothiocyanate",2004,"ACTA CRYSTALLOGRAPHICA SECTION C-CRYSTAL STRUCTURE COMMUNICATIONS","","","",298,"2017-01-06","Journal article","10.1107/S0108270104007796","0108-2701","",60,0,0,0,17
11,"V Horvathova, K Slajsova, E Sturdik","Evaluation of the glucoamylase Glm from Saccharomycopsis fibuligera IFO 0111 in hydrolysing the corn starch",2004,"BIOLOGIA","","","",299,"2017-01-06","Journal article","","0006-3088","",59,3,361,365,11
4,"Z Puterova, A Krutosikova, A Lycka, T Durcekova","Reactions of substituted furan-2-carboxaldehydes and furo[b]pyrrole type aldehydes with benzothiazolium salts",2004,"MOLECULES","","","",300,"2017-01-06","Journal article","10.3390/90400241","1420-3049","",9,4,241,255,4
58,"T Maliar, A Jedinak, J Kadrabova, E Sturdik","Structural aspects of flavonoids as trypsin inhibitors",2004,"EUROPEAN JOURNAL OF MEDICINAL CHEMISTRY","","","",301,"2017-01-06","Journal article","10.1016/j.ejmech.2003.12.003","0223-5234","",39,3,241,248,58
9,"Z Puterova, H Sterk, A Krutosikova","Reaction of substituted furan-2-carboxaldehydes and furo[b]pyrrole type aldehydes with hippuric acid",2004,"MOLECULES","","","",302,"2017-01-06","Journal article","10.3390/90100011","1420-3049","",9,1,11,21,9
6,"M Pipiska, J Lesny, M Hornik, J Augustin","Plant uptake of radiocesium from contaminated soil",2004,"NUKLEONIKA","","","",303,"2017-01-06","Journal article","","0029-5922","",49,0,0,0,6
16,"M Machovic, S Janecek","The invariant residues in the alpha-amylase family: just the catalytic triad",2003,"BIOLOGIA","","","",304,"2017-01-06","Journal article","","0006-3088","",58,6,1127,1132,16
14,"S Kovacova, E Sturdik","Interactions between microorganisms and heavy metals including radionuclides",2002,"BIOLOGIA","","","",305,"2017-01-06","Journal article","","0006-3088","",57,6,651,663,14
0,"E Kostolansky","On the duration of the total eclipse of a satellite of a body",2002,"IMA JOURNAL OF APPLIED MATHEMATICS","","","",306,"2017-01-06","Journal article","10.1093/imamat/67.4.401","0272-4960","",67,4,401,410,0
6,"E Jona, M Kubranova, SC Mojumdar, M Kopcova","Interactions of Co-exchanged montmorillonite with pyridine, 4-methyl- and 4-ethylpyridine",2002,"CHEMICAL PAPERS-CHEMICKE ZVESTI","","","",307,"2017-01-06","Journal article","","0366-6352","",56,5,295,298,6
2,"D Romanova, A Vachalkova, K Horvathova, A Krutosikova","DC polarographic and UV spectrometric studies of substituted furo[3,2-b]- and furo[2,3-b]pyrroles",2001,"COLLECTION OF CZECHOSLOVAK CHEMICAL COMMUNICATIONS","","","",308,"2017-01-06","Journal article","10.1135/cccc20011615","0010-0765","",66,11,1615,1622,2
23,"V Horvathova, S Janecek, E Sturdik","Amylolytic enzymes: Molecular aspects of their properties",2001,"GENERAL PHYSIOLOGY AND BIOPHYSICS","","","",309,"2017-01-06","Journal article","","0231-5882","",20,1,7,32,23
61,"D Romanova, A Vachalkova, L Cipak, Z Ovesna, P Rauko","Study of antioxidant effect of apigenin, luteolin and quercetin by DNA protective method",2001,"NEOPLASMA","","","",310,"2017-01-06","Journal article","","0028-2685","",48,2,104,107,61
14,"V Horvathova, S Janecek, E Sturdik","Amylolytic enzymes: their specificities, origins and properties",2000,"BIOLOGIA","","","",311,"2017-01-06","Journal article","","0006-3088","",55,6,605,615,14
