Source,ISSN,Year,Type,Authors,Title
"2015 IEEE 8TH INTERNATIONAL CONFERENCE ON INTELLIGENT DATA ACQUISITION AND ADVANCED COMPUTING SYSTEMS: TECHNOLOGY AND APPLICATIONS (IDAACS), VOLS 1-2",Conference,2015,Journal article,"Tomas Kozik, Marek Simon, Peter Arras, Peter Kuna, Galina Tabunshchyk",Remote Experiment at Universities
"2015 INTERNATIONAL CONFERENCE ON SOFTWARE, MULTIMEDIA AND COMMUNICATION ENGINEERING (SMCE 2015)",Conference,2015,Journal article,Jana Jurinova,Interactive Visual Application Development for the Purpose of Complexity Analysis and Stability of Sorting Algorithms
"27th International Conference on Wood Science and Technology, ICWST 2016: Implementation of Wood Science in Woodworking Sector - Proceedings",Conference,2016,Conference Paper,"R. Stasiak-Betlejewska, W. Tomasz, D. Domljan, J. Hollý, P. Vaško",Consumer behavioural research in furniture industry branding-case study of polish enterprise
2ND INTERNATIONAL CONFERENCE ON COMMUNICATION AND TECHNOLOGY (ICCT 2015),Conference,2015,Journal article,"Marek Simon, Ladislav Huraj, Miroslav Olvecky, Vladimir Siladi",A Framework for DDoS Botnet Attack Representation Using P2P Grid Environment
5TH INTERNATIONAL SYMPOSIUM ON BIOSORPTION AND BIOREMEDIATION,Conference,2012,Journal article,"Lucia Remenarova, Martin Pipiska, Miroslav Hornik, Marian Rozloznik, Jozef Augustin, Gerhard Soja",CADMIUM AND ZINC SORPTION FROM SINGLE AND BINARY SOLUTIONS BY STRAW BIOCHAR: THE ROLE OF FUNCTIONAL GROUPS
"6th International Conference on Measurement, MEASUREMENT 2007 - Proceedings",Conference,2007,Conference Paper,"J. Mocak, Rievaj Janiga, Bustin M., D.",Signal improvement using fractional differentiation or integration
"6th International Conference on Measurement, MEASUREMENT 2007 - Proceedings",Conference,2007,Conference Paper,"I. Janiga, J. Mocak, I. Garaj",The link between the IUPAC detection limit and minimum detectable concentration
A Handbook of Magnetochemical Formulae,Book,2012,Book,R. Boča,A Handbook of Magnetochemical Formulae
Abstract and Applied Analysis,1085-3375,2004,Article,"V. Ďurikovič, M. Ďurikovičová",On the solutions of nonlinear initial-boundary value problems
ACM International Conference Proceeding Series,Conference,2012,Conference Paper,"V. Siládi, L. Huraj, E. Vesel, N. Poľcák",A parallel processing of spatial data interpolation on computing cloud
Acta Agronomica Hungarica,0238-0161,2012,Article,"R. Murín, K. Mészáros, P. Nemeček, R. Kuna, J. Faragó",Regeneration of immature and mature embryos from diverse sets of wheat genotypes using media containing different auxins
Acta Chimica Slovenica,1318-0207,2010,Journal article,"Martin Pipiska, Miroslav Hornik, Lucia Remenarova, Jozef Augustin, Juraj Lesny","Biosorption of Cadmium, Cobalt and Zinc by Moss Rhytidiadelphus squarrosus in the Single and Binary Component Systems"
Acta Chimica Slovenica,1318-0207,2013,Journal article,"Adriana Bednarova, Roman Kranvogl, Darinka Brodnjak Voncina, Tjasa Jug, Ernest Beinrohr",Characterization of Slovenian Wines Using Multidimensional Data Analysis from Simple Enological Descriptors
Acta Chimica Slovenica,1318-0207,2009,Journal article,"Katja Snuderl, Jan Mocak, Darinka Brodnjak-Voncina, Bibiana Sedlackova",Classification of White Varietal Wines Using Chemical Analysis and Sensorial Evaluations
Acta Chimica Slovenica,1318-0207,2015,Journal article,"Katarina Lenghartova, Lukas Lauko, Frantisek Cachob, Ernest Beinrohr",Determination of Nitrites in Water by In-electrode Coulometric Titration in Reticulated Vitreous Carbon Electrode
Acta Chimica Slovenica,1318-0207,2009,Article,"M. Palcut, L. Rábara",Host-guest interactions of coumarin 6 with β-cyclodextrin in polar solvents
Acta Chimica Slovenica,1318-0207,2013,Journal article,"Darja Kavsek, Tina Jeric, Alenka Majcen Le Marechal, Simona Vajnhandl, Adriana Bednarova, Darinka Brodnjak Voncina",Multivariate Analysis and Chemometric Characterisation of Textile Wastewater Streams
Acta Chimica Slovenica,1318-0207,2007,Conference Paper,"K. Šnuderl, M. Simonič, J. Mocak, D. Brodnjak-Vončina",Multivariate data analysis of natural mineral waters
Acta Crystallographica Section C: Crystal Structure Communications,0108-2701,2004,Journal article,"J Miklovic, A Krutosikova, P Baran",Two furopyridine complexes of nickel(II) isothiocyanate
Acta Crystallographica Section C: Structural Chemistry,2053-2296,2015,Journal article,"Nela Farkasova, Juraj Cernak, Larry R. Falvello, Martin Orendac, Roman Boca","Synthesis, crystal structure and magnetic properties of (acetato-kappa O-2,O ')bis(5,5 '-dimethyl-2,2 '-bipyridine-kappa N-2,N ')nickel(II) perchlorate monohydrate"
Acta Crystallographica Section E: Structure Reports Online,1600-5368,2007,Article,"V. Vrábel, Š. Ľvorc, I. Bradiaková, J. Kožíšek, A. Krutošíková","2-[3-(Trifluoro-meth-yl)phen-yl]furo[2,3-c]pyridine"
Acta Crystallographica Section E: Structure Reports Online,1600-5368,2007,Article,"V. Vrábel, S. Lvorc, N. Juristová, J. Miklovič, J. Kozíšek","Bis(1-benzofuro[3,2-c]pyridine-kN)dichloridocobalt(II)"
Acta Crystallographica Section E: Structure Reports Online,1600-5368,2008,Article,"D. Mikloš, J. Miklovič, V. Mrázová, J. Moncol, P. Segľa","Bis(chloro-acetato)-κ2 O,O′;κO-methanol- κO-bis-(2-methyl-furo[3,2-c]pyridine-κN)copper(II)"
Acta Crystallographica Section E: Structure Reports Online,1600-5368,2008,Article,"D. Mikloš, J. Miklovič, J. Moncol, P. Segľa, M. Koman",Monoclinic polymorph of trans-tetra-aquabis-[(4-pyridylsulfanyl)-acetato- κN]cobalt(II)
Acta Crystallographica Section E: Structure Reports Online,1600-5368,2007,Article,"V. Vrábel, Ľ. Švorc, N. Juristová, J. Miklovič, J. Kožíšek","Tetra -μ Acetato-bis-[(benzofuro[3,2-c]pyridine)copper(II)]"
Acta Crystallographica Section E: Structure Reports Online,1600-5368,2008,Journal article,"Jozef Miklovic, Jan Moncol, Dusan Miklos, Peter Segla, Marian Koman",trans-tetraaquabis[3-(3-pyridyl)acrylato-kappa N]cobalt(II)
Acta Physica Polonica A,0587-4246,2014,Journal article,"M. Miglierini, R. Boca, M. Kopani, A. Lancok",Mossbauer and SQUID Characterization of Iron in Human Tissue: Case of Globus Pallidus
Acta Polytechnica Hungarica,1785-8860,2014,Journal article,"Zuzana Hajdu, Marek Andrejkovic, Ladislav Mura",Utilizing Experiments Designed Results during Error Identification and Improvement of Business Processes
ACTA VETERINARIA-BEOGRAD,0567-8315,2016,Journal article,"Juraj Pivko, V. Alexander Makarevich, Elena Kubovicova, Jan Rafay, Peter Chrenek",ULTRASTRUCTURAL CHANGES IN THE CYCLIC CORPUS LUTEUM OF DAIRY COWS WITH DIFFERENT BODY CONDITION
AD ALTA-JOURNAL OF INTERDISCIPLINARY RESEARCH,1804-7890,2015,Journal article,Peter Nemec,FAMILY CARE AS THE MOST SIGNIFICANT SYSTEM BARRIER TO WOMEN'S POLITICAL ACTIVITIES IN SLOVAKIA ON THE EXAMPLE OF MUNICIPAL FEMALE-MAYORS
Advanced Materials Research,1022-6680,2013,Article,"M. Kotus, D. Matisková, L. Mura",Impact of technological factors on dosing of metal at die-casting
Advanced Materials Research,1022-6680,2013,Review,Robert Halenar,Tollerance coefficients of stability in linear dynamic system calculated in Matlab environment
"ADVANCES IN DATA NETWORKS, COMMUNICATIONS, COMPUTERS",1792-6157,2010,Review,Andrej Trnka,Six Sigma Methodology with Fraud Detection
Agriculture,0551-3677,2012,Review,"A. Žofajová, I. Pšenáková, M. Havrlentová, M. Piliarová",Accumulation of total anthocyanins in wheat grain
Agriculture,0551-3677,2014,Article,"K. Ondreičková, A. Ficek, D. Mihálik, M. Gubišová, M. Hudcovicová, H. Drahovská, J. Kraic",Bacterial communities in rhizosphere of maize studied by T-RFLP
Agriculture,0551-3677,2013,Article,"M. Havrlentová, A. Hlinková, A. Žofajová, P. Kováčik, D. Dvončová, A. Deáková",Effect of fertilization on ß-d-glucan content in oat Grain (Avena Sativa L.)
Agriculture,0551-3677,2013,Article,"M. Hudcovicová, K. Ondreičková, P. Hauptvogel, J. Kraic",Genetic diversity in domestic and introduced wheats
Agriculture,0551-3677,2014,Article,"P. Kováčik, M. Havrlentová, V. Šimanský",Growth and yield stimulation of winter oilseed rape (Brasssica Napus L.) by Mg-Titanit fertiliser
Agriculture,0551-3677,2015,Article,"M. Hudcovicová, E. Korbelová, S. Šliková, L. Klčová, D. Mihálik, J. Kraic",Molecular selection of tomato and pepper breeding lines possessing resistance alleles against tobamoviruses
AIP Conference Proceedings,0094243X,2014,Conference Paper,"M. Miglierini, A. Lančok, M. Kopáni, R. Boča",Mössbauer spectroscopy of Basal Ganglia
Allergy: European Journal of Allergy and Clinical Immunology,0105-4538,2002,Article,"F. Gazdík, A. Gvozdjáková, R. Nádvorníková, L. Repická, E. Jahnová, J. Kucharská, M.R. Piják, K. Gazdíková",Decreased levels of coenzyme Q10 in patients with bronchial asthma
Analytical Methods,1759-9660,2015,Journal article,"Katarina Hrobonova, Jakub Moravcik, Jozef Lehotay, Daniel W. Armstrong",Determination of methionine enantiomers by HPLC on the cyclofructan chiral stationary phase
Analytical Methods,1759-9660,2010,Journal article,"Daniela Borosova, Alena Manova, Jan Mocak, Ernest Beinrohr",Determination of nickel in hair samples by graphite furnace atomic absorption spectrometry and flow-through stripping chronopotentiometry
ANNALS OF AGRICULTURAL AND ENVIRONMENTAL MEDICINE,1232-1966,2016,Journal article,"Iwona Bojar, Oleh Lyubinets, Jozef Novotny, Yaroslav Stanchak, Evgenii Tiszczenko, Alfred Owoc, Dorota Raczkiewicz",Intensification of menopausal symptoms among female inhabitants of East European countries
"Applications of Mathematics and Computer Engineering - American Conference on Applied Mathematics, AMERICAN-MATH'11, 5th WSEAS International Conference on Computer Engineering and Applications, CEA'11",Conference,2011,Conference Paper,"M.H. Kalinová, S. Horal, G.F. Michal'čonok",Analysis of static properties of complex dynamic systems using the data mining technology proposal of the multidimensional scheme
"Applications of Mathematics and Computer Engineering - American Conference on Applied Mathematics, AMERICAN-MATH'11, 5th WSEAS International Conference on Computer Engineering and Applications, CEA'11",Conference,2011,Conference Paper,"L. Huraj, G.F. Michal'čonok",Privacy concept of Slovak national eID-model
Applied Mechanics and Materials,1660-9336,2012,Conference Paper,R. Halenar,Matlab routines used for real time ETL method
Applied Mechanics and Materials,1660-9336,2014,Review,"Miroslav Oelvecky, Darja Gabriska",Motion capture as an extension of web-based simulation
Applied Mechanics and Materials,1660-9336,2013,Review,Robert Halenar,Tollerance of linear dynamic system calculated in Matlab environment
APPLIED RADIATION AND ISOTOPES,0969-8043,2016,Journal article,"Denisa Partelova, Miroslav Hornik, Juraj Lesny, Pavol Rajec, Peter Kovac, Stanislav Hostin",Imaging and analysis of thin structures using positron emission tomography: Thin phantoms and in vivo tobacco leaves study
Applied Surface Science,0169-4332,2011,Journal article,"L. Rabara, M. Aranyosiova, D. Velic",Thiolated cyclodextrin self-assembled monolayer-like characterized with secondary ion mass spectrometry
Arkivoc,1551-7004,2010,Article,"D. Tarabová, J. Titiš, N. Prónayová, A. Gatial, A. Krutošíková","A study of [1]benzofuro[3,2-c]pyridine derivatives"
Arkivoc,1551-7004,2000,Article,"A. Krutosíková, M. Lácová, M. Dandárová, J. Chovancová","Effect of microwave irradiation on reaction of furo[3,2-b]pyrrole and furo[2,3-b]pyrrole-2-carbaldehydes with some active methylene compounds"
Arkivoc,1551-7004,2004,Article,"E. Rábarová, P. Koiš, M. Lácová, A. Krutošíková",Effect of microwave irradiation on reactions of 5-arylfuran-2-carboxaldehydes with some active methylene compounds
Arkivoc,1551-7004,2010,Journal article,"Zita Puterova, Alzbeta Krutosikova, Daniel Vegh","Gewald reaction: synthesis, properties and applications of substituted 2-aminothiophenes"
Arkivoc,1551-7004,2010,Journal article,"Lucia Kovacikova, Renata Gasparova, Andrej Bohac, Marian Durana, Margita Lacova","Synthesis of 3-phenyl-2H,5H-pyrano[3,2-c]chromen-2-one derivatives and their antineoplastic activity"
BIOCHIMICA ET BIOPHYSICA ACTA-PROTEINS AND PROTEOMICS,1570-9639,2015,Journal article,"Andrea Kuchtova, Stefan Janecek",In silico analysis of family GH77 with focus on amylomaltases from borreliae and disproportionating enzymes DPE2 from plants and bacteria
Biologia,0006-3088,2015,Journal article,"Stefan Janecek, Andrea Kuchtova, Sona Petrovicova","A novel GH13 subfamily of alpha-amylases with a pair of tryptophans in the helix alpha 3 of the catalytic TIM-barrel, the LPDlx signature in the conserved sequence region V and a conserved aromatic motif at the C-terminus"
Biologia,0006-3088,2000,Article,"V. Horváthovái, S. Janeček, E. Ǒturdík","Amylolytic enzymes: Their specificities, origins and properties"
Biologia,0006-3088,2014,Journal article,"Barbora Vidova, Zuzana Sramkova, Lenka Tisakova, Michaela Oravkinova, Andrej Godany",Bioinformatics analysis of bacteriophage and prophage endolysin domains
Biologia,0006-3088,2007,Journal article,"Martin Pipiska, Miroslav Hornik, Lubos Vrtoch, Jozef Augustin, Juraj Lesny",Biosorption of Co2+ ions by lichen Hypogymnia physodes from aqueous solutions
Biologia,0006-3088,2008,Journal article,"Martin Machovic, Stefan Janecek",Domain evolution in the GH13 pullulanase subfamily with focus on the carbohydrate-binding module family 48
Biologia,0006-3088,2011,Journal article,"Natalia Faragova, Katarina Gottwaldova, Juraj Farago",Effect of transgenic alfalfa plants with introduced gene for Alfalfa Mosaic Virus coat protein on rhizosphere microbial community composition and physiological profile
Biologia,0006-3088,2013,Journal article,"Andrea Hlinkova, Adriana Bednarova, Michaela Havrlentova, Jana Supova, Iveta Cicova",Evaluation of fatty acid composition among selected amaranth grains grown in two consecutive years
Biologia,0006-3088,2011,Journal article,"Daniela Chmelova, Miroslav Ondrejovic, Vladimr Ondas, Ernest Sturdik",Influence of cultivation conditions on production of lignocellulolytic enzymes by Ceriporiopsis subvermispora
Biologia,0006-3088,2011,Journal article,"Vladimir Ondas, Viera Horvathova, Ernest Sturdik",Lipids-free waxy corn starch as a substrate for distillery yeasts Saccharomyces cerevisiae
Biologia,0006-3088,2011,Journal article,"Barbora Vidova, Eva Tothova, L'uboslav Blahut, Viera Horvathova, Andrej Godany",Multiplex PCR for detection of Escherichia coli O157:H7 in foods
Biologia,0006-3088,2011,Journal article,"Tibor Maliar, Jarmila Drobna, Jan Kraic, Maria Maliarova, Jana Jurovata",Proteinase inhibition and antioxidant activity of selected forage crops
Biologia,0006-3088,2016,Journal article,"Hana Vejsadova, Pavel Matiska, Bohus Obert, Eva Urgeova, Anna Pretova",Somatic embryogenesis in Phlox paniculata - histological analysis
Biologia,0006-3088,2013,Journal article,"Tibor Maliar, Maria Maliarova, Jan Kraic, Miroslav Ondrejovic, Ivana Psenakova, Michaela Havrlentova",Thermal and acido-basic stability of antioxidant properties of extracts from cereal and pseudocereal grains
Biologia,0006-3088,2014,Journal article,"Katarina Majzlova, Stefan Janecek",Two structurally related starch-binding domain families CBM25 and CBM26
Biologia,0006-3088,2010,Journal article,"Andrej Godany, Katarina Majzlova, Viera Horvathova, Barbora Vidova, Stefan Janecek",Tyrosine 39 of GH13 alpha-amylase from Thermococcus hydrothermalis contributes to its thermostability
Biologia - Section Botany,1335-6372,2005,Journal article,"M Kokindova, J Kraic",Genetic variation of Triticum turgidum accessions characterized by DNA markers
Biologia - Section Cellular and Molecular Biology,1335-6399,2005,Conference Paper,Š. Janeček,Amylolytic families of glycoside hydrolases: Focus on the family GH-57
Biologia - Section Cellular and Molecular Biology,1335-6399,2004,Journal article,"A Jedinak, J Farago, I Psenakova, T Maliar",Approaches to flavonoid production in plant tissue cultures
Biologia - Section Cellular and Molecular Biology,1335-6399,2005,Journal article,"M Kociova, M Pipiska, M Hornik, J Augustin",Bioaccumulation of radiocesium by lichen Hypogymnia physodes
Biologia - Section Cellular and Molecular Biology,1335-6399,2004,Journal article,"V Horvathova, K Slajsova, E Sturdik",Evaluation of the glucoamylase Glm from Saccharomycopsis fibuligera IFO 0111 in hydrolysing the corn starch
Biologia - Section Cellular and Molecular Biology,1335-6399,2002,Journal article,"S Kovacova, E Sturdik",Interactions between microorganisms and heavy metals including radionuclides
Biologia - Section Cellular and Molecular Biology,1335-6399,2003,Journal article,"M Machovic, S Janecek",The invariant residues in the alpha-amylase family: just the catalytic triad
BIOMETALS,0966-0844,2015,Journal article,"Martin Kopani, Marcel Miglierini, Adriana Lancok, Julius Dekan, Maria Caplovicova, Jan Jakubovsky, Roman Boca, Hedviga Mrazova",Iron oxides in human spleen
Bioorganic and Medicinal Chemistry,0968-0896,2005,Article,"L. Rackova, S. Firakova, D. Kostalova, M. Stefek, E. Sturdik, M. Majekova",Oxidation of liposomal membrane suppressed by flavonoids: Quantitative structure-activity relationship
Bioorganic and Medicinal Chemistry,0968-0896,2014,Journal article,"C. Bonini, L. Chiummiento, N. Di Blasio, M. Funicello, P. Lupattelli, F. Tramutola, F. Berti, A. Ostric, S. Miertus, V. Frecer, D. -X. Kong",Synthesis and biological evaluation of new simple indolic non peptidic HIV Protease inhibitors: The effect of different substitution patterns
Brain Research Journal,1935-2875,2013,Article,"R. Boča, M. Kopáni, M. Miglierini, M. Čaplovičová, V. Mrázová, L. Dlháň",Magnetic and non-magnetic iron-oxide deposits in basal ganglia
Bulletin of Environmental Contamination and Toxicology,0007-4861,2007,Journal article,"K. Svetkova, A. Fargasova",Phytotoxicity of washing wastewaters from a cutlery production line
Canadian Journal of Chemical Engineering,0008-4034,2007,Journal article,"L. Chriastel, Y. Kawase, H. Znad",Hydrodynamic modelling of internal loop airlift reactor applying drift-flux model in bubbly flow regime
Carbohydrate Polymers,0144-8617,2007,Article,"A. Gajdošová, Z. Petruláková, M. Havrlentová, V. Červená, B. Hozová, E. Šturdík, G. Kogan",The content of water-soluble and water-insoluble β-d-glucans in selected oats and barley varieties
Carbohydrate Research,0008-6215,2013,Journal article,"Katarina Majzlova, Zuzana Pukajova, Stefan Janecek","Tracing the evolution of the alpha-amylase subfamily GH13_36 covering the amylolytic enzymes intermediate between oligo-1,6-glucosidases and neopullulanases"
"Carbohydrate-Active Enzymes: Structure, Function and Applications",Book,2008,Book Chapter,T. Janeček,Sequence Fingerprints in the Evolution of the α-Amylase Family
Casopis Lekaru Ceskych,0008-7335,2003,Review,"F. Gazdík, M.R. Piják, A. Borová, K. Gazdíková",Biological properties of coenzyme Q10 and its effects on immunity [Biologické vlastnosti koenzýmu Q10 a jeho vplyv na imunitu]
CELLULAR AND MOLECULAR LIFE SCIENCES,1420-682X,2016,Journal article,"Stefan Janecek, Birte Svensson",Amylolytic glycoside hydrolases
CELLULAR AND MOLECULAR LIFE SCIENCES,1420-682X,2016,Journal article,"Stefan Janecek, Marek Gabriko",Remarkable evolutionary relatedness among the enzymes and proteins from the alpha-amylase family
Central European Journal of Biology,1895-104X,2014,Journal article,"Ivana Dokupilova, Daniele Migliaro, Daniel Mihalik, Manna Crespan, Jan Kraic",Genotyping of Vitis vinifera L. within the Slovak national collection of genetic resources
Central European Journal of Chemistry,1895-1066,2005,Article,"P. Gajdoš, S. Pavlíková, F. Bureš, A. Krutošíková","2-[3-(Trifluoromethyl)phenyl]furo[3,2-b]pyrroles: Synthesis and reactions"
Central European Journal of Chemistry,1895-1066,2013,Journal article,"Darja Kavsek, Adriana Bednarova, Misa Biro, Roman Kranvogl, Darinka Brodnjak Voncina, Ernest Beinrohr",Characterization of Slovenian coal and estimation of coal heating value based on proximate analysis using regression and artificial neural networks
Central European Journal of Chemistry,1895-1066,2010,Journal article,"Viera Mrazova, Jan Mocak, Adriana Bednarova, Jan Balla",Comparison of IFCC and NGSP methods for determination of glycated haemoglobin using advanced regression techniques
Central European Journal of Chemistry,1895-1066,2008,Journal article,"Renata Gasparova, Martin Moncman, Branislav Horvath","Microwave assisted reactions of 2-[3-(trifluoromethyl)phenyl]-4-R(1)-furo[3,2-b] pyrrole-5-carboxhydrazides"
Central European Journal of Chemistry,1895-1066,2005,Journal article,"R Gasparova, D Zbojek, M Lacova, K Kral'ova, A Gatial, B Horvath, A Krutosikova","Reactions of substituted furo [3,2-b]pyrrole-5-carboxhydrazides and their biological activity"
Central European Journal of Chemistry,1895-1066,2013,Journal article,"Renata Gasparova, Pavol Kois, Margita Lacova, Silvia Kovacova, Andrej Bohac","Synthesis, reactions and antineoplastic activity of 3-(2-oxo-2H-chromen-3-yl)-2-oxo-2H,5H-pyrano[3,2-c]chromene derivatives"
Central European Journal of Physics,1895-1082,2007,Article,"R. Ďurikovič, T. Ágošton",Prediction of optical properties of paints
Cereal Research Communications,0133-3720,2014,Journal article,"E. Ivanisova, M. Ondrejovic, D. Chmelova, T. Maliar, M. Havrlentova, L'. Rueckschloss",Antioxidant Activity and Polyphenol Content in Milling Fractions of Purple Wheat
Cereal Research Communications,0133-3720,2006,Journal article,"L Zavodska, J Lesny, P Szakal, R Schmidt",Basic characterisation and radiometric strontium sorption study of lignite from south-west Slovakia
Cereal Research Communications,0133-3720,2006,Journal article,"M Pipiska, L Zavodska, M Hornik, J Augustin, J Lesny, P Szakal, R Schmidt",Behaviour of radiostrontium in environment
Cereal Research Communications,0133-3720,2007,Journal article,"Margit Barkoczi, Pal Szakal, Rezso Schmidt, Juraj Lesny, Dora Beke",Beneficial and harmful effects of using Vinasse
Cereal Research Communications,0133-3720,2006,Journal article,"M Hornik, M Pipiska, L Vrtoch, J Augustin, J Lesny",Biosorption of radiocobalt by Lichen Hypogymnia physodes
Cereal Research Communications,0133-3720,2007,Journal article,"Miroslav Hornik, Martin Pipiska, Jozef Augustin, Juraj Lesny, Martina Kociova",Distribution of Cs-137 and Co-60 in components of fresh water system
Cereal Research Communications,0133-3720,2007,Journal article,"Miroslav Hornik, Martin Pipiska, Jozef Augustin, Juraj Lesny, Zuzana Baratova",Distribution of Cs-137 and Co-60 in fresh water plants
Cereal Research Communications,0133-3720,2008,Conference Paper,"M. Horník, M. Pipíška, M. Kočiová, J.A. Ugustín, J. Lesný",Influence of chelating agents on 60Co uptake by fresh water algae
Cereal Research Communications,0133-3720,2008,Journal article,"Miroslav Hornik, Martin Pipiska, Martina Kociova, Jozef Augustin, Juraj Lesny",INFLUENCE OF CHELATING AGENTS ON Co-60 UPTAKE BY FRESH WATER ALGAE
Cereal Research Communications,0133-3720,2008,Journal article,"Martin Pipiska, Miroslav Hornik, Jana Sekacova, Jozef Augustin, Juraj Lesny",INFLUENCE OF COMPLEXING LIGANDS AND MINERAL NUTRIENTS ON ZINC FOLIAR UPTAKE AND TRANSLOCTION IN VASCULAR PLANTS
Cereal Research Communications,0133-3720,2007,Conference Paper,"P. Szakál, R. Schmidt, J. Lesny, R. Kalocsai, M. Barkóczi",Quality parameters of wheat. Bio ethanol versus bread?
Cereal Research Communications,0133-3720,2014,Article,"M. Babulicová, N. Faragová",The influence of winter wheat continuous cropping and fertilization on the crop yields and microbial soil diversity
Cereal Research Communications,0133-3720,2014,Journal article,"M. Babulicova, N. Faragova",The Influence of Winter Wheat Continuous Cropping and Fertilization on the Crop Yields and Microbial Soil Diversity
Cereal Research Communications,0133-3720,2007,Journal article,"Martin Pipiska, Luhos Vrtoch, Miroslav Hornik, Joze Augustin, Juraj Lesny",Uptake of Cs-137 and Co-60 by bryophytes and lichens
CEUR Workshop Proceedings,1613-0073,2007,Conference Paper,"M. Gudába, S. Horal, L. Izakovic, M. Kalinová, V. Snášel",Geometrical approach for modeling semantics in linguistics
Chemical Papers,0366-6352,2014,Journal article,"Denisa Partelova, Jozef Uhrovcik, Juraj Lesny, Miroslav Hornik, Pavol Rajec, Peter Kovac, Stanislav Hostin",Application of positron emission tomography glucose for visualization and quantification of solute transport in plant tissues
Chemical Papers,0366-6352,2014,Article,"F. Gago, V. Horváthová, V. Ondáš, E. Šturdík",Assessment of waxy and non-waxy corn and wheat cultivars as starch substrates for ethanol fermentation
Chemical Papers,0366-6352,2009,Article,"P. Nemeček, T. Ďurčeková, J. Mocák, K. Waisser",Chemometrical analysis of computed QSAR parameters and their use in biological activity prediction
Chemical Papers,0366-6352,2013,Journal article,"Eva Uergeova, Katarina Vulganova, L'udovit Polivka",Content of selected secondary metabolites in wild hop
Chemical Papers,0366-6352,2013,Journal article,"Miroslav Hornik, Anna Sunovska, Denisa Partelova, Martin Pipiska, Jozef Augustin",Continuous sorption of synthetic dyes on dried biomass of microalga Chlorella pyrenoidosa
Chemical Papers,0366-6352,2008,Journal article,"Jozef Miklovic, Peter Segl'a, Dusan Miklos, Jan Titis, Radovan Herchel, Milan Melnik","Copper(II) and cobalt(II) hydroxypyridinecarboxylates: Synthesis, crystal structures, spectral and magnetic properties"
Chemical Papers,0366-6352,2013,Journal article,"Adriana Bednarova, Jan Mocak, Walter Goessler, Margit Velik, Josef Kaufmann, Ladislav Staruch",Effect of animal age and gender on fatty acid and elemental composition in Austrian beef applicable for authentication purposes
Chemical Papers,0366-6352,2013,Journal article,"L'ubomir Mikus, Maria Kovacova, Ladislav Dodok, Alzbeta Medved'ova, Lucia Mikusova, Ernest Sturdik","Effects of enzymes and hydrocolloids on physical, sensory, and shelf-life properties of wheat bread"
Chemical Papers,0366-6352,2006,Article,"M. Valach, M. Navrátil, V. Horváthová, J. Zigová, E. Šturdík, E. Hrabárová, P. Gemeiner",Efficiency of a fixed-bed and a gas-lift three-column reactor for continuous production of ethanol by pectate- and alginate-immobilized Saccharomyces cerevisiae cells
Chemical Papers,0366-6352,2006,Article,"I. Kortišová, P. Foltínová, M. Halgaš",Furan-containing thiacyanine analogs and their antimicrobial activity
Chemical Papers,0366-6352,2008,Journal article,"Filip Kraic, Jan Mocak, Zeljka Fiket, Goran Kniewald","ICP MS analysis and classification of potable, spring, and mineral waters"
Chemical Papers,0366-6352,2002,Journal article,"E Jona, M Kubranova, SC Mojumdar, M Kopcova","Interactions of Co-exchanged montmorillonite with pyridine, 4-methyl- and 4-ethylpyridine"
Chemical Papers,0366-6352,2013,Journal article,"Monika Idesicova, Alzbeta Krutosikova, Viera Mrazova, Roman Boca",Magnetic chains formed from tetra-coordinate Co(II) complexes
CHEMICAL PAPERS,0366-6352,2014,Journal article,"Anna Kopcakova, Zuzana Stramova, Simona Kvasnova, Andrej Godany, Zuzana Perhacova, Peter Pristas",Need for database extension for reliable identification of bacteria from extreme environments using MALDI TOF mass spectrometry
CHEMICAL PAPERS,0366-6352,2009,Journal article,"Jan Halgas, Viera Kolenova, Zuzana Stevikova, Lucia Perasinova, Jozef Kozisek","New Cu(II), Co(II), and Ni(II) complexes with thieno[2,3-b]pyridine and 2-methylthieno[2,3-b]pyridine as ligands: Synthesis and crystal structures"
CHEMICAL PAPERS,0366-6352,2013,Journal article,"Lucia Mikusova, Petra Gerekova, Monika Kockova, Ernest Sturdik, Martina Valachovicova, Andrea Holubkova, Marek Vajdak, L'ubomir Mikus","Nutritional, antioxidant, and glycaemic characteristics of new functional bread"
CHEMICAL PAPERS,0366-6352,2008,Journal article,"Roman Boca, Ivan Salitros",Photoswitching of a heptanuclear Fe-II-Fe-III complex - A case of multifunctional magnetic materials
CHEMICAL PAPERS,0366-6352,2013,Journal article,"Peter Nemecek, Jan Mocak, Jozef Lehotay, Karel Waisser","Prediction of anti-tuberculosis activity of 3-phenyl-2H-1,3-benzoxazine-2,4(3H)-dione derivatives"
CHEMICAL PAPERS,0366-6352,2014,Journal article,"Zuzana Dueresova, Anna Sunovska, Miroslav Hornik, Martin Pipiska, Marcela Gubisova, Jozef Gubis, Stanislav Hostin",Rhizofiltration potential of Arundo donax for cadmium and zinc removal from contaminated wastewater
CHEMICAL PAPERS,0366-6352,2013,Journal article,"Vladimir Fristak, Martin Pipiska, Miroslav Hornik, Jozef Augustin, Juraj Lesny",Sludge of wastewater treatment plants as Co2+ ions sorbent
Chemical Papers,0366-6352,2006,Article,"M. Búdová, K. Fojtíková, J. Miklovič, V. Mrázová, B. Horváth, A. Krutošíková","Synthesis and reactions of 2- and 4-substituted furo[3,2-c]pyridines"
CHEMICAL PAPERS,0366-6352,2008,Journal article,"Ivana Bradiakova, Nada Pronayova, Anton Gatial, Alzbeta Krutosikova","Synthesis and reactions of 2-[3-(trifluoromethyl)phenyl]furo[3,2-c]pyridine"
Chemical Papers,0366-6352,2009,Article,"I. Bradiaková, T. Ďurčeková, N. Prónayová, A. Gatial, A. Krutošíková","Synthesis of 2-[3-(trifluoromethyl)phenyl]furo[3,2-c]pyridine derivatives"
Chemical Papers,0366-6352,2001,Article,"A. Krutošíková, B. Mitasová, E. Jóna, M. Bobošíková","Synthesis, thermal and spectral properties of Cu(II) and Ni(II) complexes with furopyridines or quinoline"
CHEMICAL PAPERS-CHEMICKE ZVESTI,0366-6352,2006,Journal article,"M. Budova, K. Fojtikova, J. Miklovic, V. Mrazova, B. Horvath, A. Krutosikova","Synthesis and reactions of 2-and 4-substituted furo[3,2-c]pyridines"
Chemical Physics Letters,0009-2614,2006,Journal article,"Orhan Atakol, Roman Boca, Ismail Ercan, Filiz Ercan, Hartmut Fuess, Wolfgang Haase, Radovan Herchel","Magnetic properties of trinuclear Ni-M-Ni complexes, M = Mn, Co and Ni"
Chemicke Listy,0009-2770,2015,Journal article,"K. Lenghartova, L. Lauko, E. Beinrohr",Analytical Methods for the Determination of Nitrites
Chemicke Listy,0009-2770,2009,Journal article,"Miroslav Ondrejovic, Tibor Maliar, L'udovit Polivka, Stanislav Silhar",Apple Polyphenols
Chemicke Listy,0009-2770,2008,Conference Paper,"J. Mocák, V. Mrázová, D.K. Icová, F. Kraic",Arti ficial neural net works in food analysis
Chemicke Listy,0009-2770,2008,Conference Paper,"D. Kružlicová, J. Mocák, E. Lankmayr",Categorization of olive oils
Chemicke Listy,0009-2770,2014,Article,"V. Horváthová, F. Gago, L. Cíbiková, E. Šturdík",Characterization of by-products simultaneous saccharification and fermentation of selected wheat varieties [Charakterizácia bočných produktov v procese simultánnej sacharifikácie a fermentácie vybraných pšeničných odrôd]
CHEMICKE LISTY,0009-2770,2015,Journal article,"Lenka Blazekova, Silvia Bieleckova, Viera Horvathova",Isolation and Chemical Characterisation of Wheat Arabinoxylans
Chemicke Listy,0009-2770,2007,Review,"M. Valachová, M. Múčková, M. Šturdíková",Metabolites of endophytic microorganisms as bioactive compounds [Metabolity endofytických mikroorganizmov ako biologicky účinné látky]
Chemicke Listy,0009-2770,2008,Conference Paper,"V. Mrázová, J. Mocáka, K. Šnuderlb, E. Lankmayrc",Multivariate methods in food analysis
Chemicke Listy,0009-2770,2006,Article,"S. Firáková, A. Jedinák, T. Maliar, E. Šturdík",Quantitative relationships between structure and ability of flavonoids to reduce ferric complex [Kvantitatívne vzťahy medzi štruktúrou a schopnosťou flavonoidov redukovať železitý komplex]
Chemicke Listy,0009-2770,2008,Conference Paper,"E. Ürgeová, P. Kulacs, M. Vašková, L. Polívka","Relationship between xanthohumol, polyphenols, and flavonoids content in HOP leaves and cones with regard to cultivar and vegetation period"
CHEMICKE LISTY,0009-2770,2008,Journal article,"Daniela Mikulikova, Viera Horvathova, Alzbeta Zofajova","Starch level and composition of wheat, rye and triticale grains"
CHEMICKE LISTY,0009-2770,2015,Journal article,"Ondrej Hegedus, Daniela Cepelova, Alzbeta Hegedusova",The Evaluation of Titrimetric Method for Determination of Fats in Foodstuffs
Chemicke Listy,0009-2770,2005,Conference Paper,"I. Vajcziková, E. Sláviková, E. Breierová, J. Omelková",The yeast contaminants isolated from spoiled soft drinks
CHEMISTRY & BIODIVERSITY,1612-1872,2015,Journal article,"Tibor Maliar, Gabriela Slaba, Peter Nemecek, Maria Maliarova, Michaela Benkova, Michaela Havrlentova, Miroslav Ondrejovic, Jan Kraic","Antioxidants, Enzyme Inhibitors, and Biogenic Compounds in Grain Extracts of Barleys"
Chemistry and Biodiversity,1612-1872,2007,Journal article,"Katarina Valachova, Viera Horvathova",Starch degradation by glucoamylase Glm from Saccharomycopsis fibuligera IFO 0111 in the presence and absence of a commercial pullulanase
Chemistry and Ecology,0275-7540,2008,Journal article,"M. Pipiska, M. Hornik, L. Vrtoch, J. Augustin, J. Lesny",Biosorption of Zn and Co ions by Evernia prunastri from single and binary metal solutions
Chemistry of Heterocyclic Compounds,0009-3122,2006,Article,"P. Gajdos, J. Miklovic, A. Krutosikova",Reactions of 5-[3-(trifluoromethyl)-phenyl]furan-2-carbaldehyde
Chemistry of Heterocyclic Compounds,0009-3122,2001,Article,"A. Krutosikova, L. Krystofova-Labudova, M. Dandarova","Synthesis and reactions of 4-oxiranylmethylfuro-[3,2-b]pyrroles and their benzo derivatives"
Chromatographia,0009-5893,2014,Journal article,"M. Ligor, J. Kovacova, R. M. Gadzala-Kopciuch, S. Studzinska, Sz. Bocian, J. Lehotay, B. Buszewski",Study of RP HPLC Retention Behaviours in Analysis of Carotenoids
CIT 2007: 7th IEEE International Conference on Computer and Information Technology,,2007,Conference Paper,"T. Ágošton, C. Csuprai, J. Onderik, R. Ďurikovič",Design of modular rendering pipeline
Clean Technologies and Environmental Policy,1618-954X,2014,Journal article,"Lucia Remenarova, Martin Pipiska, Eva Florkova, Miroslav Hornik, Marian Rozloznik, Jozef Augustin",Zeolites from coal fly ash as efficient sorbents for cadmium ions
Collection of Czechoslovak Chemical Communications,0010-0765,2001,Journal article,"D Romanova, A Vachalkova, K Horvathova, A Krutosikova","DC polarographic and UV spectrometric studies of substituted furo[3,2-b]- and furo[2,3-b]pyrroles"
Collection of Czechoslovak Chemical Communications,0010-0765,2000,Article,"P. Šafář, F. Považanec, N. Prónayová, P. Baran, G. Kickelbick, J. Kožíšek, M. Breza","Dichotomy in the ring opening reaction of 5-[(2-furyl)methylidene]-2,2-dimethyl-1,3-dioxane-4,6-dione with cyclic secondary amines"
Collection of Czechoslovak Chemical Communications,0010-0765,2005,Article,"R. Gašparová, M. Lácová, A. Krutošíková","Reactions of substituted furo[3,2-b]pyrrole-5-carbohydrazides under classical and microwave conditions"
Comprehensive Heterocyclic Chemistry III,Book,2008,Book Chapter,"A. Krutošíková, T. Gracza",Bicyclic 5-5 systems: Two heteroatoms 1:1
COMPUTATIONAL AND THEORETICAL CHEMISTRY,2210-271X,2016,Journal article,"Erik Klein, Jan Rimarcik, Erika Senajova, Adam Vaganek, Jozef Lengyel",Deprotonation of flavonoids severely alters the thermodynamics of the hydrogen atom transfer
COMPUTATIONAL AND THEORETICAL CHEMISTRY,2210-271X,2016,Journal article,"Peter Skorna, Jan Rimarcik, Peter Poliak, Vladimir Lukes, Erik Klein",Thermodynamic study of vitamin B6 antioxidant potential
Computer Graphics Forum,0167-7055,2005,Article,"M. Smyk, S.-I. Kinuwaki, R. Ďurikovič, K. Myszkowski",Temporally coherent irradiance caching for high quality animation rendering
Coordination Chemistry Research Progress,Book,2008,Book Chapter,"R. Boča, J. Titiš",Magnetostructural d-correlation for zero-field splitting in nickel(II) complexes
Coordination Chemistry Reviews,0010-8545,2010,Journal article,"Roman Boca, Radovan Herchel",Antisymmetric exchange in polynuclear metal complexes
"CREATIVITY IN INTELLIGENT TECHNOLOGIES AND DATA SCIENCE, CIT&DS 2015",1865-0929,2015,Review,"Marian Host'ovecky, Filip Cicka",Design and Development of Serious Game Focused on English Prepositions
"CREATIVITY IN INTELLIGENT TECHNOLOGIES AND DATA SCIENCE, CIT&DS 2015",1865-0929,2015,Review,"Marek Simon, Ladislav Huraj, Marian Host'ovecky",IPv6 Network DDoS Attack with P2P Grid
CROATIAN MEDICAL JOURNAL,0353-9504,2016,Journal article,"Katarina Jansakova, Janka Babickova, Michaela Havrlentova, Julius Hodosy, Jan Kraic, Peter Celec, L'ubomira Tothova",The effects of anthocyanin-rich wheat diet on the oxidative status and behavior of rats
Crystal Growth and Design,1528-7483,2012,Journal article,"Elena A. Buvaylo, Oksana V. Nesterova, Vladimir N. Kokozay, Olga Yu. Vassilyeva, Brian W. Skelton, Roman Boca, Dmytro S. Nesterov",Discussion of Planarity of Molecular Structures Using Novel Pentanuclear Cu/Ni Complexes as an Example
CrystEngComm,1466-8033,2014,Journal article,"Oksana V. Nesterova, Marina V. Kirillova, M. Fatima C. Guedes da Silva, Roman Boca, Armando J. L. Pombeiro",How to force a classical chelating ligand to a metal non-chelating bridge: the observation of a rare coordination mode of diethanolamine in the 1D complex {[Cu-2(Piv)(4)(H(3)tBuDea)](Piv)}(n)
CrystEngComm,1466-8033,2010,Journal article,"Ivan Salitros, Jan Pavlik, Roman Boca, Olaf Fuhr, Chandrasekar Rajadurai, Mario Ruben",Supramolecular lattice-solvent control of iron(II) spin transition parameters
CURRENT MICROBIOLOGY,0343-8651,2016,Journal article,"Jarmila Farkasovska, Andrej Godany","Characterization of the N-Terminal Catalytic Domain of Lyt mu 1/6, an Endolysin from Streptomyces aureofaciens Phage mu 1/6"
CURRENT OPINION IN BIOTECHNOLOGY,0958-1669,2011,Journal article,"Juraj Farago, Filip Kluciarovsky, Ivana Psenakova",Bioactive polyphenols and flavonoids in cell cultures of hops (Humulus lupulus L.)
CURRENT OPINION IN BIOTECHNOLOGY,0958-1669,2013,Journal article,"Jan Kraic, Daniel Mihalik, Edita Gregova, Svetlana Slikova, Valeria Sudyova, Tatiana Klempova, Milan Certik, Martina Hudcovicova, Katarina Ondreickova, Andrea Hlinkova, Michaela Havrlentova, Jozef Gubis",Cereals improvement by plant biotechnology approaches
CURRENT OPINION IN BIOTECHNOLOGY,0958-1669,2013,Journal article,"Katarina Vulganova, Eva Uergeova",Extraction of hyaluronic acid from eggshell membranes
CURRENT OPINION IN BIOTECHNOLOGY,0958-1669,2011,Journal article,"Viera Horvathova, Jana Jurovata, Frantisek Gago, Ernest Sturdik",Fermentation of wheat and triticale and analysis of the nutrition benefit components in solid fractions obtained during the ethanol conversion
CURRENT OPINION IN BIOTECHNOLOGY,0958-1669,2013,Journal article,"Michaela Havrlentova, Andrea Hlinkova, Jana Supova, Adriana Bednarova, Darina Muchova, Maria Lichvarova",Improved quality of poppy seeds for human needs
Current Pharmaceutical Design,1381-6128,2014,Article,"U. Thanyarat, R. Thanyada, F. Vladimir, S. Pierfausto, M. Stanislav, B. Urban",Drugs against avian influenza A virus: Design of novel sulfonate inhibitors of neuraminidase N1
Current Pharmaceutical Design,1381-6128,2014,Journal article,"Federico Berti, Vladimir Frecer, Stanislav Miertus",Inhibitors of HIV-Protease from Computational Design. A History of Theory and Synthesis Still to be Fully Appreciated
Current Pharmaceutical Design,1381-6128,2014,Journal article,"Vladimir Frecer, Stanislav Miertus",Rational Design of Antiviral Compounds
Czech Journal of Food Sciences,1212-1800,2011,Journal article,"Michaela Havrlentova, Zuzana Petrulakova, Alena Burgarova, Frantisek Gago, Andrea Hlinkova, Ernest Sturdik",Cereal beta-glucans and their Significance for the Preparation of Functional Foods - A Review
Czech Journal of Food Sciences,1212-1800,2015,Journal article,"Lenka Blazekova, Petra Polakovicova, Lucia Mikusova, Kristina Kukurova, Vojtech Saxa, Zuzana Ciesarova, Ernest Sturdik",Development of Innovative Health Beneficial Bread using a Fermented Fibre-glucan Product
Czech Journal of Food Sciences,1212-1800,2012,Journal article,"Miroslav Ondrejovic, Filip Kraic, Hana Benkovicova, Stanislav Silhar",Optimisation of Antioxidant Extraction from Lemon Balm (Melissa officinalis)
Czech Journal of Food Sciences,1212-1800,2009,Article,"D. Mikulíková, S. Masár, V. Horváthová, J. Kraic",Stability of quality traits in winter wheat cultivars
Czech Journal of Genetics and Plant Breeding,1212-1975,2007,Article,"P. Múdry, J. Kraic",Inter- and intra-population variation of local maize (Zea mays L.) populations from Slovakia and Czech Republic
Dalton Transactions,1477-9226,2015,Journal article,"Jozef Miklovic, Dusan Valigura, Roman Boca, Jan Titis",A mononuclear Ni(II) complex: a field induced single-molecule magnet showing two slow relaxation processes
Dalton Transactions,1477-9226,2015,Journal article,"Oksana V. Nesterova, Eduard N. Chygorin, Vladimir N. Kokozay, Irina V. Omelchenko, Oleg V. Shishkin, Roman Boca, Armando J. L. Pombeiro",A self-assembled octanuclear complex bearing the uncommon close-packed {Fe4Mn4(mu(4)-O)(4)(mu-O)(4)} molecular core
DALTON TRANSACTIONS,1477-9226,2016,Journal article,"Susanta Hazra, Jan Titis, Dusan Valigura, Roman Boca, Sasankasekhar Mohanta",Bis-phenoxido and bis-acetato bridged heteronuclear {(CoDyIII)-Dy-III} single molecule magnets with two slow relaxation branches
DALTON TRANSACTIONS,1477-9226,2015,Journal article,"Malay Dolai, Mahammad Ali, Jan Titis, Roman Boca",Cu(II)-Dy(III) and Co(III)-Dy(III) based single molecule magnets with multiple slow magnetic relaxation processes in the Cu(II)-Dy(III) complex
DALTON TRANSACTIONS,1477-9226,2015,Journal article,"Eduard N. Chygorin, Vladimir N. Kokozay, Irina V. Omelchenko, Oleg V. Shishkin, Jan Titis, Roman Boca, Dmytro S. Nesterov","Direct synthesis of a {Co-6(III) Fe-6(III)} dodecanuclear complex, revealing an unprecedented molecular structure type"
Dalton Transactions,1477-9226,2010,Journal article,"Valentyna V. Semenaka, Oksana V. Nesterova, Volodymyr N. Kokozay, Roman I. Zybatyuk, Oleg V. Shishkin, Roman Boca, Denys V. Shevchenko, Ping Huang, Stenbjorn Styring",Direct synthesis of an heterometallic {(Mn3Cr4III)-Cr-II} wheel by decomposition of Reineckes salt
Dalton Transactions,1477-9226,2015,Journal article,"Ivan Nemec, Radovan Herchel, Ingrid Svoboda, Roman Boca, Zdenek Travnicek",Large and negative magnetic anisotropy in pentacoordinate mononuclear Ni(II) Schiff base complexes
Dalton Transactions,1477-9226,2013,Journal article,"Oksana V. Nesterova, Eduard N. Chygorin, Vladimir N. Kokozay, Volodymyr V. Bon, Irina V. Omelchenko, Oleg V. Shishkin, Jan Titis, Roman Boca, Armando J. L. Pombeiro, Andrew Ozarowski","Magnetic, high-field EPR studies and catalytic activity of Schiff base tetranuclear (Cu2Fe2III)-Fe-II complexes obtained by direct synthesis"
Dalton Transactions,1477-9226,2014,Journal article,"Ivan Salitros, Luks Pogany, Mario Ruben, Roman Boca, Wolfgang Linert",Polymorphism dependent light induced spin transition
DALTON TRANSACTIONS,1477-9226,2016,Journal article,"Rupak Banik, Subhadip Roy, Lubor Dlhan, Jan Titis, Roman Boca, Alexander M. Kirillov, Adam D. Martin, Antonio Bauza, Antonio Frontera, Antonio Rodriguez-Dieguez, Juan M. Salas, Subrata Das","Self-assembly synthesis, structure, topology, and magnetic properties of a mononuclear Fe(III)-violurate derivative: a combined experimental and theoretical study"
DALTON TRANSACTIONS,1477-9226,2013,Journal article,"Victor F. Shul'gin, Oleg V. Konnik, Alexey N. Gusev, Roman Boca, Lubor Dlhan, Eduard B. Rusanov, Grygory G. Alexandrov, Igor L. Eremenko, Wolfgang Linert",Spacer-armed copper(II) complexes with benzenecarboxylic acids and trifluoroacetylacetone aroylhydrazones
DALTON TRANSACTIONS,1477-9226,2010,Journal article,"Roman Boca, Ivan Salitros, Jozef Kozisek, Jorge Linares, Jan Moncol, Franz Renz",Spin crossover in a heptanuclear mixed-valence iron complex
Dalton Transactions,1477-9226,2013,Journal article,"Robert Uhrecky, Jan Moncol, Marian Koman, Jan Titis, Roman Boca",Structure and magnetism of a Mn(III)-Mn(II)-Mn(II)-Mn(III) chain complex
DALTON TRANSACTIONS,1477-9226,2015,Journal article,"L. Smolko, J. Cernak, M. Dusek, J. Miklovic, J. Titis, R. Boca","Three tetracoordinate Co(II) complexes [Co(biq)X-2] (X = Cl, Br, I) with easy-plane magnetic anisotropy as field-induced single-molecule magnets"
Desalination,0011-9164,2011,Journal article,"Jana Maresova, Martin Pipiska, Marian Rozloznik, Miroslav Hornik, Lucia Remenarova, Jozef Augustin",Cobalt and strontium sorption by moss biosorbent: Modeling of single and binary metal systems
Desalination and Water Treatment,1944-3994,2016,Journal article,"Anna Sunovska, Veronika Hasikova, Miroslav Hornik, Martin Pipiska, Stanislav Hostin, Juraj Lesny",Removal of Cd by dried biomass of freshwater moss Vesicularia dubyana: batch and column studies
Desalination and Water Treatment,1944-3994,2015,Journal article,"Vladimir Fristak, Martin Pipiska, Maria Novakova, Juraj Lesny, Alena Packova",Sorption separation of cadmium from aqueous solutions by alginite material: kinetic and equilibrium study
DIVAI 2012: 9TH INTERNATIONAL SCIENTIFIC CONFERENCE ON DISTANCE LEARNING IN APPLIED INFORMATICS: CONFERENCE PROCEEDINGS,Book,2012,Book,Jana Jurinova,The Use of Multimedia in Technical Education
Drvna Industrija,0012-6772,2011,Journal article,Renata Novakova,Scientific-Research Cluster as a form of Knowledge Transfer
ECS Electrochemistry Letters,2162-8726,2015,Journal article,"Jaroslav Vatral, Roman Boca",Redox Behavior of Dopamine in the Presence of Ferritin
Electroanalysis,1040-0397,2015,Journal article,"Lukas Lauko, Frantisek Cacho, Katarina Lenghartova, Jana Sadecka, Ernest Beinrohr",Determination of Nitrates in Water Samples by In-Electrode Coulometric Titration in Copper Coated Porous Vitreous Carbon Electrode
Electrochimica Acta,0013-4686,2014,Journal article,"Jaroslav Vatral, Roman Boca, Wolfgang Linert",Electrochemical investigation of the redox couple Fe(III)/Fe(II) in the presence of amino acids and neurotransmitters
ENERGY AND CLEAN TECHNOLOGIES,1314-2704,2015,Review,"Jozef Macala, Maria Koscova, Viliam Carach, Jr. Corba, Juraj, Juraj Corba",MODELLING OF AIR POLLUTION BY ROAD TRAFFIC NOX EMISSIONS FROM PASSENGER CARS
Environmental Monitoring and Assessment,0167-6369,2015,Journal article,"Vladimir Fristak, Martin Pipiska, Juraj Lesny, Gerhard Soja, Wolfgang Friesl-Hanl, Alena Packova","Utilization of biochar sorbents for Cd2+, Zn2+, and Cu2+ ions separation from aqueous solutions: comparative study"
ENZYME AND MICROBIAL TECHNOLOGY,0141-0229,2006,Journal article,"Viera Horvathova, Andrej Godany, Emest Sturdik, Stefan Janecek",alpha-amylase from Thermococcus hydrothermalis: Re-cloning aimed at the improved expression and hydrolysis of corn starch
Enzyme and Microbial Technology,0141-0229,2006,Article,"V. Horváthová, A. Godány, E. Šturdík, S. Janeček",α-Amylase from Thermococcus hydrothermalis: Re-cloning aimed at the improved expression and hydrolysis of corn starch
European Journal of Inorganic Chemistry,1434-1948,2013,Journal article,"Jan Pavlik, Roman Boca",Established Static Models of Spin Crossover
EUROPEAN JOURNAL OF INORGANIC CHEMISTRY,1434-1948,2016,Journal article,"Anna Vrablova, Larry R. Falvello, Javier Campo, Jozef Miklovic, Roman Boca, Juraj Cernak, Milagros Tomas","Preparation, First Structure Analysis, and Magnetism of the Long-Known Nickel Benzoate Trihydrate - A Linear Ni center dot center dot center dot Ni center dot center dot center dot Ni Polymer and Its Parallels with the Active Site of Urease"
European Journal of Inorganic Chemistry,1434-1948,2013,Journal article,"Christoph Krueger, Peter Augustin, Ivan Nemec, Zdenek Travnicek, Hiroki Oshio, Roman Boca, Franz Renz",Spin Crossover in Iron(III) Complexes with Pentadentate Schiff Base Ligands and Pseudohalido Coligands
European Journal of Medicinal Chemistry,0223-5234,2004,Journal article,"T Maliar, A Jedinak, J Kadrabova, E Sturdik",Structural aspects of flavonoids as trypsin inhibitors
EUROPEAN JOURNAL OF ORGANIC CHEMISTRY,1434-193X,2014,Journal article,"Valentina Sinisi, Katarina Boronova, Silvia Colomban, Luciano Navarini, Federico Berti, Cristina Forzato","Synthesis of Mono-, Di-, and Tri-3,4-dimethoxycinnamoyl-1,5-gamma-quinides"
European Journal of Organic Chemistry,1434-193X,2014,Article,"V. Sinisi, K. Boronová, S. Colomban, L. Navarini, F. Berti, C. Forzato","Synthesis of mono-, di-, and tri-3,4-dimethoxycinnamoyl-1,5-γ- quinides"
European Physical Journal B,1434-6028,2013,Journal article,"J. Pavlik, W. Nicolazzi, G. Molnar, R. Boca, A. Bousseksou",Coupled magnetic interactions and the Ising-like model for spin crossover in binuclear compounds
FEBS Journal,1742-464X,2009,Article,"M. Gabriško, S. Janeček",Looking for the ancestry of the heavy-chain subunits of heteromeric amino acid transporters rBAT and 4F2hc within the GH13 α-amylase family
FEBS Journal,1742-464X,2009,Journal article,"Camilla Christiansen, Maher Abou Hachem, Stefan Janecek, Anders Vikso-Nielsen, Andreas Blennow, Birte Svensson","The carbohydrate-binding module family 20-diversity, structure, and function"
FEBS Letters,0014-5793,2012,Journal article,"Stefan Janecek, Andrea Kuchtova",In silico identification of catalytic residues and domain fold of the family GH119 sharing the catalytic machinery with the alpha-amylase family GH57
FEMS Microbiology Letters,0378-1097,2014,Journal article,"Lenka Tisakova, Barbora Vidova, Jarmila Farkasovska, Andrej Godany",Bacteriophage endolysin Lyt mu 1/6: characterization of the C-terminal binding domain
FOLIA BIOLOGICA,0015-5500,2015,Journal article,"K. Jansakova, J. Babickova, B. Filova, E. Lengyelova, M. Havrlentova, J. Kraic, P. Celec, L. Tothova",Anthocyanin-Rich Diet in Chemically Induced Colitis in Mice
FOOD ANALYTICAL METHODS,1936-9751,2015,Journal article,"Violeta Ivanova-Petropulos, Silvia Jakabova, Dusko Nedelkovski, Vladimir Pavlik, Zelmira Balazova, Ondrej Hegedus",Determination of Pb and Cd in Macedonian Wines by Electrothermal Atomic Absorption Spectrometry (ETAAS)
Food Chemistry,0308-8146,2009,Journal article,"Dasa Kruzlicova, Jan Mocak, Branko Balla, Jan Petka, Marta Farkova, Josef Havel",Classification of Slovak white wines using artificial neural networks and discriminant techniques
Food Chemistry,0308-8146,2010,Journal article,"Jana Viskupicova, Martina Danihelova, Miroslav Ondrejovic, Tibor Liptaj, Ernest Sturdik",Lipophilic rutin derivatives for antioxidant protection of oil-based foods
Food Research International,0963-9969,2013,Journal article,"Dasa Kruzlicova, Zeljka Fiket, Goran Kniewald",Classification of Croatian wine varieties using multivariate analysis of data obtained by high resolution ICP-MS analysis
Food Science and Biotechnology,1226-7708,2013,Journal article,"Daniel Mihalik, L'ubica Nogova, Katarina Ondreickova, Marcela Gubisova, Jozef Gubis, Edita Gregova, Ivana Dokupilova, Roman Drska, Jan Kraic",A new high-molecular-weight glutenin subunit from the slovak wheat (Triticum aestivum L.) cultivar 'Trebisovska 76'
Fresenius Environmental Bulletin,1018-4619,2008,Journal article,"Katarina Szarazova, Agata Fargasova, Edgar Hiller, Zuzana Velicka, Jana Pastierova",Phytotoxic effects and translocation of Cr and Ni in washing wastewaters from a cutlery production line to mustard (Sinapis alba L.) seedlings
General Physiology and Biophysics,0231-5882,2001,Journal article,"V Horvathova, S Janecek, E Sturdik",Amylolytic enzymes: Molecular aspects of their properties
"Heterocyclic Compounds: Synthesis, Properties and Applications",Book,2010,Book Chapter,"Z. Puterová, A. Krutošíková","Substituted 2-aminothiophenes: Synthesis, properties and applications"
IAENG International Journal of Computer Science,1819-656X,2013,Article,"L. Huraj, V. Siládi, J. Škrinárová, V. Bojdová",Towards a VO intersection trust model for ad hoc grid environment: Design and simulation results
"ICETA 2014 - 12th IEEE International Conference on Emerging eLearning Technologies and Applications, Proceedings",Conference,2015,Conference Paper,"J. Stubna, M. Hostovecky, D. Tothova",Documentary movies as a motivation in science subjects
ICNIT 2010 - 2010 International Conference on Networking and Information Technology,Conference,2010,Conference Paper,A. Trnka,Market basket analysis with data mining methods: Six sigma methodology improvement
IMA Journal of Applied Mathematics (Institute of Mathematics and Its Applications),1464-3634,2002,Journal article,E Kostolansky,On the duration of the total eclipse of a satellite of a body
"Industrial Enzymes: Structure, Function and Applications",Book,2007,Book Chapter,"M. Martin, J. Štefan","Amylolytic enzymes: Types, structures and specificities"
INES 2015 - IEEE 19TH INTERNATIONAL CONFERENCE ON INTELLIGENT ENGINEERING SYSTEMS,Conference,2015,Review,"Darja Gabriska, Martin Nemeth",The stability analysis of periodic disturbances compensation process
Inorganic Chemistry,0020-1669,2007,Article,"D. Piñero, P. Baran, R. Boca, R. Herchel, M. Klein, R.G. Raptis, F. Renz, Y. Sanakis","A pyrazolate-supported Fe<inf>3</inf>(μ<inf>3</inf>-O) core: Structural, spectroscopic, electrochemical, and magnetic study"
Inorganic Chemistry,0020-1669,2012,Journal article,"Dmytro S. Nesterov, Eduard N. Chygorin, Volodymyr N. Kokozay, Volodymyr V. Bon, Roman Boca, Yuriy N. Kozlov, Lidia S. Shul'pina, Julia Jezierska, Andrew Ozarowski, Armando J. L. Pombeiro, Georgiy B. Shul'pin","Heterometallic (Co4Fe2III)-Fe-III Schiff Base Complex: Structure, Electron Paramagnetic Resonance, and Alkane Oxidation Catalytic Activity"
Inorganic Chemistry,0020-1669,2011,Journal article,"Dmytro S. Nesterov, Volodymyr N. Kokozay, Julia Jezierska, Oleksiy V. Pavlyuk, Roman Boca, Armando J. L. Pombeiro","Heterometallic Cu/Co and Cu/Co/Zn Complexes Bearing Rare Asymmetric Tetranuclear Cores: Synthesis, Structures, and Magnetic and Catalytic Properties Toward the Peroxidative Oxidation of Cycloalkanes"
Inorganic Chemistry,0020-1669,2007,Journal article,"Radovan Herchel, Roman Boca, Milan Gembicky, Karsten Falk, Hartmut Fuess, Wolfgang Haase, Ingrid Svoboda",Magnetic properties of a manganese(II) trinuclear complex involving a tridentate Schiff-base ligand
Inorganic Chemistry,0020-1669,2010,Journal article,"Jan Titis, Roman Boca",Magnetostructural D Correlation in Nickel(II) Complexes: Reinvestigation of the Zero-Field Splitting
INORGANIC CHEMISTRY,0020-1669,2011,Journal article,"Jan Titis, Roman Boca",Magnetostructural D Correlations in Hexacoordinated Cobalt(II) Complexes
Inorganic Chemistry,0020-1669,2012,Journal article,"Eduard N. Chygorin, Oksana V. Nesterova, Julia A. Rusanoya, Vladimir N. Kokozay, Volodymyr V. Bon, Roman Boca, Andrew Ozarowski","Novel Heterometallic Schiff Base Complexes Featuring Unusual Tetranuclear {(Co2Fe2III)-Fe-III(mu-O)(6)} and Octanuclear {(Co4Fe4III)-Fe-III(mu-O)(14)} Cores: Direct Synthesis, Crystal Structures, and Magnetic Properties"
INORGANIC CHEMISTRY,0020-1669,2014,Journal article,"Roman Boca, Jozef Miklovic, Jan Titis",Simple Mononuclear Cobalt(II) Complex: A Single-Molecule Magnet Showing Two Slow Relaxation Processes
INORGANIC CHEMISTRY,0020-1669,2014,Journal article,"Cyril Rajnak, Jan Titis, Olaf Fuhr, Mario Ruben, Roman Boca",Single-Molecule Magnetism in a Pentacoordinate Cobalt(II) Complex Supported by an Antenna Ligand
Inorganic Chemistry,0020-1669,2008,Article,"P. Baran, R. Boča, I. Chakraborty, J. Giapintzakis, R. Herchel, Q. Huang, J.E. McGrady, R.G. Raptis, Y. Sanakis, A. Simopoulos","Synthesis, characterization, and study of octanuclear iron-oxo clusters containing a redox-active Fe<inf>4</inf>O<inf>4</inf>-cubane core"
Inorganic Chemistry,0020-1669,2014,Journal article,"Sk Md Towsif Abtab, Mithun Chandra Majee, Manoranjan Maity, Jan Titis, Roman Boca, Muktimoy Chaudhury","Tetranuclear Hetero-Metal [Co(2)(II)Ln(2)(III)] (Ln = Gd, Tb, Dy, Ho, La) Complexes Involving Carboxylato Bridges in a Rare mu(4)-eta(2):eta(2) Mode: Synthesis, Crystal Structures, and Magnetic Properties"
Inorganic Chemistry,0020-1669,2013,Journal article,"Monika Idesicova, Jan Titis, J. Krzystek, Roman Boca","Zero-Field Splitting in Pseudotetrahedral Co(II) Complexes: a Magnetic, High-Frequency and -Field EPR, and Computational Study"
Inorganic Chemistry Communications,1387-7003,2014,Journal article,"Susanta Hazra, Anirban Karmakar, M. Fatima C. Guedes da Silva, Lubor DIhan, Roman Boca, Armando J. L. Pombeiro",Dinuclear based polymeric copper(II) complexes derived from a Schiff base ligand: effect of secondary bridging moieties on geometrical orientations and magnetic properties
Inorganic Chemistry Communications,1387-7003,2013,Journal article,"Jan Titis, Jozef Miklovic, Roman Boca",Magnetostructural study of tetracoordinate cobalt(II) complexes
Inorganic Chemistry Communications,1387-7003,2013,Journal article,"Alena Packova, Jozef Miklovic, Jan Titis, Marian Koman, Roman Boca",Positive zero-field splitting in a hexacoordinate nickel(II) complex
INORGANIC CHEMISTRY COMMUNICATIONS,1387-7003,2015,Journal article,"Jakub Mihalciak, Petra Bertova, Zdenka Ruzickova, Jan Moncol, Peter Segla, Roman Boca",Structure and magnetism of novel dinuclear cobalt(II) complexes
Inorganic Chemistry Communications,1387-7003,2005,Article,"R. Boča, F. Renz, M. Boča, H. Fuess, W. Haase, G. Kickelbick, W. Linert, M. Vrbová-Schikora","Tuning the spin crossover above room temperature: Iron(II) complexes of substituted and deprotonated 2,6-bis(benzimidazol-2-yl)pyridine"
Inorganica Chimica Acta,0020-1693,2013,Journal article,"Anita Abedi, Vahid Amani, Roman Boca, Lubor Dlhan, Hamid Reza Khavasi, Nasser Safari",Bis(isothiocyanato)iron(II) complexes with bithiazole ligands: Structure and magnetic studies
Inorganica Chimica Acta,0020-1693,2012,Journal article,"M. Sebova, R. Boca, L. Dlhan, I. Nemec, B. Papankova, J. Pavlik, H. Fuess",Direct determination of zero-field splitting in Co(II) complexes by FAR infrared spectroscopy
Inorganica Chimica Acta,0020-1693,2013,Journal article,"J. Hudak, R. Boca, J. Moncol, J. Titis",Magnetism of dinuclear benzoato cobalt(II) complexes modeled by a general bilinear exchange
Inorganica Chimica Acta,0020-1693,2013,Journal article,"M. Idesicova, R. Boca","Magnetism, IR and Raman spectra of a tetracoordinate and hexacoordinate Co(II) complexes derived from aminopyrimidine"
INORGANICA CHIMICA ACTA,0020-1693,2010,Journal article,"B. Papankova, R. Boca, L. Dlhan, I. Nemec, J. Titis, I. Svoboda, H. Fuess",Magneto-structural relationships for a mononuclear Co(II) complex with large zero-field splitting
Inorganica Chimica Acta,0020-1693,2012,Journal article,"J. Titis, J. Hudak, J. Kozisek, A. Krutosikova, J. Moncol', D. Tarabova, R. Boca","Structural, spectral and magnetic properties of carboxylato cobalt(II) complexes with heterocyclic N-donor ligands: Reconstruction of magnetic parameters from electronic spectra"
INORGANICA CHIMICA ACTA,0020-1693,2015,Journal article,"Farsheed Shahbazi-Raz, Vahid Amani, Ehsan Bahojb Noruzi, Nasser Safari, Roman Boca, Jan Titis, Behrouz Notash","Synthesis, characterization, electrochemical and magnetic study of mixed ligand mono iron and O-methoxy bridged diiron complexes"
Inorganica Chimica Acta,0020-1693,2014,Journal article,"Alina Bienko, Pavel Kopel, Rene Kizek, Rafal Kruszynski, Dariusz Bienko, Jan Titis, Roman Boca","Synthesis, crystal structure and magnetic properties of trithiocyanurate or thiodiacetate polynuclear Ni(II) and Co(II) complexes"
Inorganica Chimica Acta,0020-1693,2015,Journal article,"Jozef Miklovic, Alena Packova, Peter Segl'a, Jan Titis, Marian Koman, Jan Moncol', Roman Boca, Vladimir Jorik, Hajnalka Krekuska, Dusan Valigura","Synthesis, crystal structures, spectral and magnetic properties of nickel(II) pyridinecarboxylates with N-heterocyclic ligands"
Inorganica Chimica Acta,0020-1693,2014,Journal article,"Sevi Oz, Nurcan Acar, Ingrid Svoboda, Jan Titis, Roman Boca, Orhan Atakol","Synthesis, structure and magnetic properties of homotrinuclear Ni(II) complexes with asymmetric Schiff-base ligands"
Inorganica Chimica Acta,0020-1693,2015,Journal article,"Robert Uhrecky, Ingrid Svoboda, Zdenka Ruzickova, Marian Koman, Lubor Dlhan, Jan Pavlik, Jan Moncol, Roman Boca","Synthesis, structure and magnetism of manganese and iron dipicolinates with N,N '-donor ligands"
International Conference on Computers - Proceedings,Conference,2010,Conference Paper,"L. Huraj, V. Siládi, J. Siláči",Design and performance evaluation of snow cover computing on GPUs
International Journal of Electrochemical Science,1452-3981,2013,Article,"J. Hudák, T. Mikysek, R. Boča, K. Vytřas",Abrasive voltammetry of trinuclear cobalt-benzoato complex with iso-nicotinamide at a carbon paste electrode
International Journal of Electrochemical Science,1452-3981,2013,Erratum,"J. Hudák, T. Mikysek, R. Boča, K. Vytřas","Abrasive voltammetry of trinuclear cobalt-benzoato complex with iso-nicotinamide at a carbon paste electrode, erratum (Vol. 8, Page 4792, 2013)"
INTERNATIONAL JOURNAL OF MOLECULAR SCIENCES,1422-0067,2015,Journal article,"Daniel Mihalik, Lenka Klcova, Katarina Ondreickova, Martina Hudcovicova, Marcela Gubisova, Tatiana Klempova, Milan Certik, Janos Pauk, Jan Kraic",Biosynthesis of Essential Polyunsaturated Fatty Acids in Wheat Triggered by Expression of Artificial Gene
INTERNATIONAL JOURNAL OF MOLECULAR SCIENCES,1422-0067,2015,Journal article,"Affiba Florance Kouassi, Mawa Kone, Melalie Keita, Akori Esmel, Eugene Megnassan, Yao Thomas N'Guessan, Vladimir Frecer, Stanislav Miertus",Computer-Aided Design of Orally Bioavailable Pyrrolidine Carboxamide Inhibitors of Enoyl-Acyl Carrier Protein Reductase of Mycobacterium tuberculosis with Favorable Pharmacokinetic Profiles
International Journal of Molecular Sciences,1422-0067,2015,Article,"J. Vančo, Z. Trávníček, O. Kozák, R. Boča","Structural, magnetic and luminescent properties of lanthanide complexes with N-Salicylideneglycine"
INTERNATIONAL JOURNAL OF MOLECULAR SCIENCES,1422-0067,2015,Journal article,"Jan Vanco, Zdenek Travnicek, Ondrej Kozak, Roman Boca","Structural, Magnetic and Luminescent Properties of Lanthanide Complexes with N-Salicylideneglycine"
"International Multidisciplinary Scientific GeoConference Surveying Geology and Mining Ecology Management, SGEM",Conference,2015,Conference Paper,"J. Mačala, M. Koščová, V. Carach, J. Čorba, J. Čorba",Modelling of air pollution by road traffic NO<inf>x</inf> emissions from passenger cars
Journal of Analytical Methods in Chemistry,2090-8865,2012,Journal article,"Frantisek Cacho, Lukas Lauko, Alena Manova, Jan Dzurov, Ernest Beinrohr",Sequential Determination of Total Arsenic and Cadmium in Concentrated Cadmium Sulphate Solutions by Flow-Through Stripping Chronopotentiometry after Online Cation Exchanger Separation
JOURNAL OF APPLIED MICROBIOLOGY,1364-5072,2013,Journal article,"F. Puspasari, O. K. Radjasa, A. S. Noer, Z. Nurachman, Y. M. Syah, M. van der Maarel, L. Dijkhuizen, S. Janecek, D. Natalia","Raw starch-degrading alpha-amylase from Bacillus aquimaris MKSC 6.2: isolation and expression of the gene, bioinformatics and biochemical characterization of the recombinant enzyme"
Journal of Applied Microbiology,1364-5072,2013,Article,"F. Puspasari, O.K. Radjasa, A.S. Noer, Z. Nurachman, Y.M. Syah, M. van der Maarel, L. Dijkhuizen, S. Janeček, D. Natalia","Raw starch-degrading α-amylase from Bacillus aquimaris MKSC 6.2: Isolation and expression of the gene, bioinformatics and biochemical characterization of the recombinant enzyme"
JOURNAL OF BASIC MICROBIOLOGY,0233-111X,2016,Journal article,"Daniela Chmelova, Miroslav Ondrejovic",Purification and characterization of extracellular laccase produced by Ceriporiopsis subvermispora and decolorization of triphenylmethane dyes
Journal of Biological Chemistry,0021-9258,2012,Journal article,"Tae-Yang Jung, Dan Li, Jong-Tae Park, Se-Mi Yoon, Phuong Lan Tran, Byung-Ha Oh, Stefan Janecek, Sung Goo Park, Eui-Jeon Woo, Kwan-Hwa Park",Association of Novel Domain in Active Site of Archaic Hyperthermophilic Maltogenic Amylase from Staphylothermus marinus
Journal of Biomedical Optics,1083-3668,2015,Journal article,"Julia Horilova, Beata Cunderlikova, Alzbeta Marcek Chorvatova",Time- and spectrally resolved characteristics of flavin fluorescence in U87MG cancer cells in culture
JOURNAL OF BIOTECHNOLOGY,0168-1656,2010,Journal article,"V. O. Ondas, V. H. Horvathova, H. N. Novanska, M. B. Blazkova, E. S. Sturdik",Assessment of waxy and non-waxy corn and wheat cultivars in terms of ethanol fermentation
JOURNAL OF BIOTECHNOLOGY,0168-1656,2016,Journal article,"Tibor Maliar, Peter Nemecek, Michaela Havrlentova, Erik Kroslak, Maria Maliarova",Biological activities of agrarian crop extracts like a therapeutic alternative
JOURNAL OF BIOTECHNOLOGY,0168-1656,2016,Journal article,Juraj Krajcovic,Chloroplast molecular genetics and its biotechnology applications
JOURNAL OF BIOTECHNOLOGY,0168-1656,2010,Journal article,"Jana Jurovata, Frantisek Gago, Zuzana Sramkova, Filip Kraic, Ernest Sturdik",Content of Selected Nutrition and Health Benefit Components in the Wheat Varieties
JOURNAL OF BIOTECHNOLOGY,0168-1656,2012,Journal article,"Viera Horvathova, Lukas Vetrik, Maria Babulicova, L'ubomir Rueckschloss",Effect fertilizing of cereals for ethanol production
JOURNAL OF BIOTECHNOLOGY,0168-1656,2012,Journal article,"Eva Urgeova, Ludovit Polivka, Stefania Vaverkova",Onions - A potential source of biopesticides
Journal of Chromatography A,0021-9673,2009,Journal article,"Renata Huskova, Eva Matisova, Lubomir Svorc, Jan Mocak, Michal Kirchner",Comparison of negative chemical ionization and electron impact ionization in gas chromatography-mass spectrometry of endocrine disrupting pesticides
Journal of Chromatography A,0021-9673,2008,Journal article,"Michal Kirchner, Renata Huskova, Eva Matisova, Jan Mocak",Fast gas chromatography for pesticide residues analysis using analyte protectants
Journal of Chromatography A,0021-9673,2013,Journal article,"Katarina Boronova, Jozef Lehotay, Katarina Hrobonova, Daniel W. Armstrong",Study of physicochemical interaction of aryloxyaminopropanol derivatives with teicoplanin and vancomycin phases in view of quantitative structure-property relationship studies
Journal of Coordination Chemistry,0095-8972,2014,Journal article,"Monika Stolarova, Juraj Cernak, Milagros Tomas, Irene Ara, Larry R. Falvello, Roman Boca, Jan Titis","o-Phenylenedioxydiacetate complexes of Gd(III) and Ce(III): syntheses, crystal structures, and magnetic properties"
Journal of Coordination Chemistry,0095-8972,2008,Article,"P. Segl'a, D. Mikloš, J. Jaškova, J. Miklovič, B. Kaliňákova, D. Hudecová, J. Švorec, T. Lis, M. Melník","Synthesis, spectral properties, crystal structures and biological activity of copper(II) pyridinecarboxylates with N-heterocyclic ligands"
Journal of Enzyme Inhibition and Medicinal Chemistry,1475-6366,2012,Journal article,"Jana Viskupicova, Martina Danihelova, Magdalena Majekova, Tibor Liptaj, Ernest Sturdik",Polyphenol fatty acid esters as serine protease inhibitors: a quantum-chemical QSAR analysis
JOURNAL OF FLUORINE CHEMISTRY,0022-1139,2015,Journal article,"Anita Andicsova-Eckstein, Erika Kozma, Zita Puterova-Tokarova, Daniel Vegh",Direct trifluoroacetylation of mono- and disubstituted thiophene derivatives
JOURNAL OF FOOD AND NUTRITION RESEARCH,1336-8672,2015,Journal article,"Maria Maliarova, Tibor Maliar, Erik Kroslak, Jozef Sokol, Peter Nemecek, Pavol Nechvatal",Antioxidant and proteinase inhibition activity of main oat avenanthramides
Journal of Food and Nutrition Research,1336-8672,2008,Journal article,"Dasa Kruzlcova, Jan Mocak, Evangelos Katsoyannos, Ernst Lankmayr",Classification and characterization of olive oils by UV-Vis absorption spectrometry and sensorial analysis
Journal of Food and Nutrition Research,1336-8672,2008,Journal article,"Dasa Kruzlicova, Jan Mocak, Jan Hrivnak",Classification of wine varieties using multivariate analysis of data obtained by gas chromatography with microcolumn extraction
Journal of Food and Nutrition Research,1336-8672,2006,Article,"D. Mikulíková, J. Kraic",Natural sources of health-promoting starch
Journal of Food and Nutrition Research,1336-8672,2012,Journal article,"Lubomir Dasko, Jozef Drimal, Marta Klimekova, Eva Uergeova",Response of organically and conventionally produced potatoes to a controlled attack of a pathogen
Journal of Food and Nutrition Research,1336-8672,2015,Journal article,"Jiri Smid, Zuzana Godalova, Lubica Piknova, Peter Siekel, Tomas Kuchta",Semi-quantitative estimation of soya protein-based additives in meat products using real-time polymerase chain reaction
JOURNAL OF FOOD AND NUTRITION RESEARCH,1336-8672,2016,Journal article,"Xiaoyu Chen, Weisong Mu, Siekel Peter, Xiaoshuan Zhang, Zhiqiang Zhu",The effects of constant concentrations of sulfur dioxide on the quality evolution of postharvest table grapes
JOURNAL OF GEOCHEMICAL EXPLORATION,0375-6742,2015,Journal article,"Vladimir Fristak, Wolfgang Friesl-Hanl, Anna Wawra, Martin Pipiska, Gerhard Soja",Effect of biochar artificial ageing on Cd and Cu sorption characteristics
Journal of Industrial and Engineering Chemistry,1226-086X,2015,Journal article,"Jozef Uhrovcik, Juraj Lesny",Determination of indium in liquid crystal displays by flame atomic absorption spectrometry
JOURNAL OF LIQUID CHROMATOGRAPHY & RELATED TECHNOLOGIES,1082-6076,2013,Journal article,"M. Vierikova, E. Hrnciarikova, J. Lehotay",DETERMINATION OF NATAMYCIN CONTENT IN CHEESE USING ULTRA PERFORMANCE LIQUID CHROMATOGRAPHY-MASS SPECTROMETRY
JOURNAL OF LIQUID CHROMATOGRAPHY & RELATED TECHNOLOGIES,1082-6076,2011,Journal article,"Peter Nemecek, Jan Mocak, Jozef Lehotay, Karel Waisser",PREDICTION OF HPLC RETENTION FACTOR OF POTENTIAL ANTITUBERCULOTICS BY QSRR
Journal of Liquid Chromatography and Related Technologies,1082-6076,2013,Article,"M. Vierikova, E. Hrnciarikova, J. Lehotay",Determination of natamycin content in cheese using ultra peormance liquid chromatography-mass spectrometry
Journal of Liquid Chromatography and Related Technologies,1082-6076,2011,Journal article,"Jarmila Kovacova, Jozef Lehotay, Eva Urgeova, Jan Mocak, Jozef Cizmarik",DETERMINATION OF SELECTED FLAVONOIDS IN HOP EXTRACT BY HPLC
Journal of Liquid Chromatography and Related Technologies,1082-6076,2015,Journal article,"Jarmila Krnanova, Natalia Denderz, Jozef Lehotay, Matus Samohyl",Determination of Some Flavonoids by HPLC Using Quercetin-Molecularly Imprinted Polymers
Journal of Liquid Chromatography and Related Technologies,1082-6076,2015,Journal article,"D. Pagacikova, J. Lehotay",Determination of Synthetic Colors in Meat Products Using High-Performance Liquid Chromatography with Photodiode Array Detector
Journal of Liquid Chromatography and Related Technologies,1082-6076,2011,Article,"P. Nemeček, J. Mocak, J. Lehotay, K. Waisser",Prediction of HPLC retention factor of potential antituberculotics by QSRR
JOURNAL OF MATERIALS SCIENCE,0022-2461,2015,Journal article,"Zdenka Bujnakova, Peter Balaz, Petre Makreski, Gligor Jovanovski, Maria Caplovicova, Lubomir Caplovic, Oleh Shpotyuk, Adam Ingram, Te-Chang Lee, Jing-Jy Cheng, Jan Sedlak, Erika Turianicova, Anna Zorkovska","Arsenic sulfide nanoparticles prepared by milling: properties, free-volume characterization, and anti-cancer effects"
JOURNAL OF MOLECULAR STRUCTURE,0022-2860,2016,Journal article,"Lukas Smolko, Juraj Cernak, Juraj Kuchar, Jozef Miklovic, Roman Boca","Novel Co(III)/Co(II) mixed valence compound [Co(bapen)Br-2](2)[CoBr4] (bapen = N,N '-bis(3-aminopropyl)ethane-1,2-diamine): Synthesis, crystal structure and magnetic properties"
Journal of Molecular Structure,0022-2860,2014,Journal article,"Robert Uhrecky, Jan Pavlik, Zdenka Ruzickova, L'ubor Dlhan, Marian Koman, Roman Boca, Jan Moncol","Synthesis, crystal structure and magnetism of iron(III) and manganese(III) dipicolinates with pyridinemethanols"
Journal of Pharmaceutical and Biomedical Analysis,0731-7085,2011,Journal article,"Tatiana Durcekova, Jan Mocak, Katarina Boronova, Jan Balla",Effect of the statin therapy on biochemical laboratory tests-A chemometrics study
Journal of Pharmaceutical and Biomedical Analysis,0731-7085,2012,Journal article,"Tatiana Durcekova, Katarina Boronova, Jan Mocak, Jozef Lehotay, Jozef Cizmarik",QSRR models for potential local anaesthetic drugs using high performance liquid chromatography
Journal of Pharmaceutical and Biomedical Analysis,0731-7085,2009,Journal article,"Viera Mrazova, Jan Mocak, Elena Varmusova, Denisa Kavkova, Adriana Bednarova",Use of multidimensional data analysis for prediction of lung malignity
JOURNAL OF PHYSICAL CHEMISTRY A,1089-5639,2016,Journal article,"Anna Piecha-Bisiorek, Alina Bienko, Ryszard Jakubas, Roman Boca, Marek Weselski, Vasyl Kinzhybalo, Adam Pietraszko, Martyna Wojciechowska, Wojciech Medycki, Danuta Kruk",Physical and Structural Characterization of Imidazolium-Based Organic-Inorganic Hybrid: (C3N2H5)(2)[CoCl4]
Journal of Radioanalytical and Nuclear Chemistry,0236-5731,2015,Article,"V. Frišták, T. Gablovičová, M. Pipíška, B. Micháleková, J. Lesný",Application of &lt;sup&gt;65&lt;/sup&gt;Zn and &lt;sup&gt;54&lt;/sup&gt;Mn isotopic dilution for evaluation of available soil manganese and zinc fractions in Western Slovak region
JOURNAL OF RADIOANALYTICAL AND NUCLEAR CHEMISTRY,0236-5731,2015,Journal article,"Vladimir Fristak, Tatiana Gablovicova, Martin Pipiska, Barbora Michalekova, Juraj Lesny",Application of Zn-65 and Mn-54 isotopic dilution for evaluation of available soil manganese and zinc fractions in Western Slovak region
Journal of Radioanalytical and Nuclear Chemistry,0236-5731,2013,Journal article,"L. Tisakova, M. Pipiska, A. Godany, M. Hornik, B. Vidova, J. Augustin",Bioaccumulation of Cs-137 and Co-60 by bacteria isolated from spent nuclear fuel pools
Journal of Radioanalytical and Nuclear Chemistry,0236-5731,2012,Journal article,"J. Maresova, L. Remenarova, M. Hornik, M. Pipiska, J. Augustin, J. Lesny",Foliar uptake of zinc by vascular plants: radiometric study
Journal of Radioanalytical and Nuclear Chemistry,0236-5731,2014,Journal article,"Vladimir Fristak, Martin Pipiska, Michaela Valovciakova, Juraj Lesny, Marian Rozloznik",Monitoring Co-60 activity for the characterization of the sorption process of Co2+ ions in municipal activated sludge
Journal of Radioanalytical and Nuclear Chemistry,0236-5731,2012,Journal article,"E. Chmielewska, J. Lesny",Selective ion exchange onto Slovakian natural zeolites in aqueous solutions
JOURNAL OF RADIOANALYTICAL AND NUCLEAR CHEMISTRY,0236-5731,2011,Journal article,"L. Vrtoch, M. Pipiska, M. Hornik, J. Augustin, J. Lesny",Sorption of cesium from water solutions on potassium nickel hexacyanoferrate-modified Agaricus bisporus mushroom biomass
Journal of Scientific and Industrial Research,0022-4456,2014,Journal article,"L. Huraj, V. Siladi",Evaluating grid computing platform for snow cover
JOURNAL OF THE BRAZILIAN CHEMICAL SOCIETY,0103-5053,2015,Journal article,"Maria Maliarova, Viera Mrazova, Michaela Havrlentova, Jozef Sokol",Optimization of Parameters for Extraction of Avenanthramides from Oat (Avena sativa L.) Grain Using Response Surface Methodology (RSM)
Journal of the Taiwan Institute of Chemical Engineers,1876-1070,2012,Journal article,"Lucia Remenarova, Martin Pipiska, Miroslav Hornik, Marian Rozloznik, Jozef Augustin, Juraj Lesny","Biosorption of cadmium and zinc by activated sludge from single and binary solutions: Mechanism, equilibrium and experimental design study"
Journal of Thermal Analysis and Calorimetry,1388-6150,2009,Journal article,"S. C. Mojumdar, P. Simon, A. Krutosikova","[1]Benzofuro[3,2-c]pyridine synthesis and coordination reactions"
Journal of Thermal Analysis and Calorimetry,1388-6150,2005,Article,"S.C. Mojumdar, J. Miklovič, A. Krutošíková, D. Valigura, J.M. Stewart","Furopyridines and furopyridine-Ni(II) complexes : SSynthesis, thermal and spectral characterization"
Journal of Thermal Analysis and Calorimetry,1388-6150,2010,Journal article,"L'. Lajdova, E. Jona, J. Miklovic, P. Segl'a, L'. Kvasnicova, S. Snircova, R. Janik, S. C. Mojumdar",Thermal properties of solid complexes with biologically important heterocyclic ligands
Journal of Thermal Analysis and Calorimetry,1388-6150,2009,Journal article,"L' Lajdova, E. Jona, S. Snircova, J. Miklovic, P. Segl'a, M. Pajtasova, D. Ondrusova, S. C. Mojumdar",Thermal properties of solid complexes with biologically important heterocyclic ligands
Khimiya Geterotsiklicheskikh Soedinenii,0132-6244,2006,Journal article,"P. Gajdos, J. Miklovic, A. Krutosikova",Reactions of 5-[3-(trifluoromethyl)phenyl]furan-2-carbaldehyde
Khimiya Geterotsiklicheskikh Soedinenii,0132-6244,2001,Article,"A. Krutošiková, L. Kryštofová-Labudová, M. Dandárová","Synthesis and reactions of 4-oxiranylmethylfuro[3,2-b]pyrroles and their benzo derivatives"
Lecture Notes in Computer Science (including subseries Lecture Notes in Artificial Intelligence and Lecture Notes in Bioinformatics),0302-9743,2008,Conference Paper,"R. Ďurikovič, S. Czanner, J. Parulek, M. Šrámek",Heterogeneous modeling of biological organs and organ growth
Lecture Notes in Electrical Engineering,1876-1100,2015,Article,"M. Hostovecky, M. Misut, K. Pribilova",Web based testing in science education
MATHEMATICAL PROBLEMS IN ENGINEERING,1024-123X,2016,Journal article,"Iveta Dirgova Luptakova, Marek Simon, Ladislav Huraj, Jiri Pospichal",Neural Gas Clustering Adapted for Given Size of Clusters
MEASUREMENT SCIENCE REVIEW,1335-8871,2008,Journal article,"I. Janiga, J. Mocak, I. Garaj",Comparison of Minimum Detectable Concentration with the IUPAC Detection Limit
MENDEL 2015: RECENT ADVANCES IN SOFT COMPUTING,2194-5357,2015,Review,Jiri Pospichal,Solving Circle Packing Problem by Neural Gas
Methods in Molecular Biology,1064-3745,2015,Article,"J. Horilova, H. Studier, Z. Nadova, P. Miskovsky, D. Chorvat, A.M. Chorvatova",Time-resolved spectrometry of mitochondrial NAD(P)H fluorescence and its applications for evaluating the oxidative state in living cells
Molecular Informatics,1868-1743,2015,Journal article,"Luc C. Owono Owono, Fidele Ntie-Kang, Melalie Keita, Eugene Megnassan, Vladimir Frecer, Stanislav Miertus",Virtually Designed Triclosan-Based Inhibitors of Enoyl-Acyl Carrier Protein Reductase of Mycobacterium tuberculosis and of Plasmodium falciparum
Molecules,1420-3049,2004,Journal article,"Z Puterova, H Sterk, A Krutosikova",Reaction of substituted furan-2-carboxaldehydes and furo[b]pyrrole type aldehydes with hippuric acid
Molecules,1420-3049,2005,Journal article,"R Gasparova, M Lacova",Reactions of 3-formylchromone with active methylene and methyl compounds and some subsequent reactions of the resulting condensation products.
MOLECULES,1420-3049,2004,Journal article,"Z Puterova, A Krutosikova, A Lycka, T Durcekova",Reactions of substituted furan-2-carboxaldehydes and furo[b]pyrrole type aldehydes with benzothiazolium salts
MONATSHEFTE FUR CHEMIE,0026-9247,2015,Journal article,"Jaroslav Vatral, Roman Boca, Wolfgang Linert",Oxidation properties of dopamine at and near physiological conditions
Monatshefte fur Chemie,0026-9247,2013,Journal article,"Kristina Matelkova, Katrin Ossberger, Juraj Hudak, Jaroslav Vatral, Roman Boca, Wolfgang Linert",Redox activity of some non-innocent amino acids
Monatshefte fur Chemie,0026-9247,2011,Journal article,"Cyril Rajnak, Jan Titis, Roman Boca, Jan Moncol', Zdenka Padelkova","Self-assembled cobalt(II) Schiff base complex: synthesis, structure, and magnetic properties"
MONATSHEFTE FUR CHEMIE,0026-9247,2015,Journal article,"Lukas Smolko, Juraj Cernak, Juraj Kuchar, Roman Boca","Syntheses, crystal structures, and magnetic properties of two isostructural complexes (trenH(4))(2)[CoX4]X-6 (X = Cl, Br)"
NEOPLASMA,0028-2685,2001,Journal article,"D Romanova, A Vachalkova, L Cipak, Z Ovesna, P Rauko","Study of antioxidant effect of apigenin, luteolin and quercetin by DNA protective method"
Neoplasma,0028-2685,2016,Article,"M. Plesko, J. Suvada, M. Makohusova, I. Waczulikova, D. Behulova, A. Vasilenkova, M. Vargova, A. Stecova, E. Kaiserova, A. Kolenova","The role of CRP,PCT,IL-6 and presepsin in early diagnosis of bacterial infectious complications in paediatric haemato-oncological patients"
NEPHROLOGY DIALYSIS TRANSPLANTATION,0931-0509,2016,Journal article,"Ingrid Lajdova, Viera Spustova, Adrian Oksa, Jr. Chorvat, Dusan, Alzbeta Marcek Chorvatova",THE EFFECT OF VITAMIN D-3 SUPPLEMENTATION ON P2X(7) RECEPTOR FUNCTION IN EARLY STAGES OF CHRONIC KIDNEY DISEASE
New Journal of Chemistry,1144-0546,2014,Journal article,"Jerzy Romiszewski, Zita Puterova-Tokarova, Jozef Mieczkowski, Ewa Gorecka",Optical properties of thiophene-containing liquid crystalline and hybrid liquid crystalline materials
NEW JOURNAL OF CHEMISTRY,1144-0546,2015,Journal article,"Petra Masarova, Pavel Zoufaly, Jan Moncol, Ivan Nemec, Jan Pavlik, Milan Gembicky, Zdenek Travnicek, Roman Boca, Ivan Salitros",Spin crossover and high spin electroneutral mononuclear iron(III) Schiff base complexes involving terminal pseudohalido ligands
NEW JOURNAL OF CHEMISTRY,1144-0546,2015,Journal article,"Susanta Hazra, Anirban Karmakar, Maria de Fatima C. Guedes da Silva, L'ubor Dlhan, Roman Boca, Armando J. L. Pombeiro","Sulfonated Schiff base dinuclear and polymeric copper(II) complexes: crystal structures, magnetic properties and catalytic application in Henry reaction"
NEW JOURNAL OF CHEMISTRY,1144-0546,2016,Journal article,"Lukas Smolko, Juraj Cernak, Michal Dusek, Jan Titis, Roman Boca",Tetracoordinate Co(II) complexes containing bathocuproine and single molecule magnetism
Nova Biotechnologica et Chimica,1338-6905,2014,Review,"M. Havrlentová, I. Pšenáková, A. Žofajová, L. Rückschloss, J. Kraic",Anthocyanins in wheat seed - A mini review
Nova Biotechnologica et Chimica,1338-6905,2014,Article,"P. Nemeček, D. Kružlicová, L. Remenárová","Application of ANN for prediction of Co2+, Cd2+ and Zn2+ ions uptake by R. squarrosus biomass in single and binary mixtures"
Nova Biotechnologica et Chimica,1338-6905,2014,Article,"B.M. Richveisová, Z. Dürešová, M. Horník, J. Augustín, M. Pipíška",Distribution of zinc and cadmium in tissues of giant reed (Arundo donax L.): Sequential extraction - Radiometric study
Nova Biotechnologica et Chimica,1338-6905,2014,Article,"J. Vatrál, R. Boča",Electrochemical studies of interactions between Fe(II)/Fe(III) and amino acids using ferrocene-modified carbon paste electrode
Nova Biotechnologica et Chimica,1338-6905,2014,Article,"M. Sák, I. Dokupilová, D. Mihálik, J. Lakatošová, M. Gubišová, J. Kraic",Elicitation ofphenolic compounds in cell culture of Vitis vinifera L. by Phaeomoniella chlamydospora
Nova Biotechnologica et Chimica,1338-6905,2014,Article,"M. Ondrejovič, D. Chmelová, E. Ivanišová, Š. Dráb, V. Psota",Evaluation of antioxidant activities of cereals and their malts
Nova Biotechnologica et Chimica,1338-6905,2014,Article,"M. Makohusová, V. Mrázová, M. Kopáni, R. Boča",Magnetic deposits of iron oxides in the human brain
Nova Biotechnologica et Chimica,1338-6905,2014,Article,"A. Bednárová, R. Kranvogl, D. Brodnjak-vončina, T. Jug",Prediction of wine sensorial quality by routinely measured chemical properties
Nova Biotechnologica et Chimica,1338-6905,2014,Article,"L. Remenárová, M. Pipíška, E. Florková, J. Augustín, M. Rozložník, S. Hostin, M. Horník",Radiocesium adsorption by zeolitic materials synthesized from coal fly ash
Nova Biotechnologica et Chimica,1338-6905,2014,Review,"P. Seneci, G. Fassina, V. Frecer, S. Miertus",The effects of combinatorial chemistry and technologies on drug discovery and biotechnology - A mini review
Nova Biotechnologica et Chimica,1338-6905,2014,Article,"V. Frišták, W. Friesl-Hanl, M. Pipíška, B.R. Micháleková, G. Soja",The response of artificial aging to sorption properties of biochar for potentially toxic heavy metals
Nukleonika,0029-5922,2005,Conference Paper,"M. Horník, M. Pipíška, L. Vrtoch, J. Augustín, J. Lesný",Bioaccumulation of137Cs and60Co by Helianthus annuus
Nukleonika,0029-5922,2005,Conference Paper,"M. Pipíška, M. Kočiová, M. Horník, J. Augustín, J. Lesný","Influence of time, temperature, pH and inhibitors on bioaccumulation of radiocaesium -137Cs by lichen Hypogymnia physodes"
Nukleonika,0029-5922,2004,Journal article,"M Pipiska, J Lesny, M Hornik, J Augustin",Plant uptake of radiocesium from contaminated soil
Nukleonika,0029-5922,2005,Conference Paper,"M. Pipíška, M. Horník, M. Kočiová, J. Augustín, J. Lesný",Radiostrontium uptake by lichen Hypogymnia physodes
Pharmazie,0031-7144,2010,Journal article,"A. Jedinak, M. Valachova, T. Maliar, E. Sturdik",Antiprotease activity of selected Slovak medicinal plants
PHARMAZIE,0031-7144,2010,Journal article,"T. Durcekova, J. Mocak, J. Lehotay, J. Cizmarik, K. Boronova",Chemometrical study of the anaesthetical activity of alkoxyphenylcarbamic acid esters
Pharmazie,0031-7144,2009,Journal article,"J. Viskupicova, M. Ondrejovic, E. Sturdik",The potential and practical applications of acylated flavonoids
Phytotherapy Research,0951-418X,2006,Journal article,"A Jedinak, T Maliar, D Grancai, M Nagy",Inhibition activities of natural products on serine proteases
PLANT GENETIC RESOURCES-CHARACTERIZATION AND UTILIZATION,1479-2621,2011,Journal article,"Zuzana Sramkova, Edita Gregova, Svetlana Slikova, Ernest Sturdik",Diversity of seed storage proteins in common wheat (Triticum aestivum L.)
Plant Genetic Resources: Characterisation and Utilisation,1479-2621,2011,Article,"Z. Šramková, E. Gregová, S. Šliková, E. Šturdík",Diversity of seed storage proteins in common wheat (Triticum aestivum L.)
POLISH JOURNAL OF ECOLOGY,1505-2249,2014,Journal article,"Katarina Ondreickova, Daniel Mihalik, Andrej Ficek, Martina Hudcovicova, Jan Kraic, Hana Drahovska",IMPACT OF GENETICALLY MODIFIED MAIZE ON THE GENETIC DIVERSITY OF RHIZOSPHERE BACTERIA: A TWO-YEAR STUDY IN SLOVAKIA
Polish Journal of Environmental Studies,1230-1485,2010,Article,"A. Chochorek, A. Bobrowski, Z. Kiralyova, J. Mocak",ICP-OES determination of select metals in surface water - A metrological study
POLISH JOURNAL OF ENVIRONMENTAL STUDIES,1230-1485,2015,Journal article,"Lukas Lauko, Roman Hudec, Katarina Lenghartova, Alena Manova, Frantisek Cacho, Ernest Beinrohr",Simple Electrochemical Determination of Hydrazine in Water
Polish Journal of Environmental Studies,1230-1485,2014,Journal article,"Vladimir Fristak, Michaela Valovciakova, Martin Pipiska, Juraj Lesnsy",The Influence of Chemical Modification on the Co2+ Ion Sorption Process by Anaerobic Sludge
Polish Journal of Food and Nutrition Sciences,1230-0322,2013,Article,"M. Havrlentová, Z. Petruláková, A. Burgárová, S. Gavurníková, V. Červená, E. Šturdík, J. Kraic, A. Žofajová",Properties of cereal β-D-glucan hydrocolloids and their effect on bread and ketchup parameters
Poljoprivreda,1330-7142,2011,Article,"D. Mikulíková, V. Horváthová, L. Rückschloss, S. Gavurníková, A. Žofajová, J. Kraic",Differences between wheat cultivars in grain parameters related to ethanol production [Razlike med{stroke}u kulturama pšenice u parametrima zrna u odnosu na proizvodnju etanola]
POLYHEDRON,0277-5387,2016,Journal article,"Cyril Rajnak, Alena Packova, Jan Titis, Jozef Miklovic, Jan Moncol', Roman Boca",A tetracoordinate Co(II) single molecule magnet based on triphenylphosphine and isothiocyanato group
Polyhedron,0277-5387,2013,Journal article,"R. Boca, L. Dlhan, M. Kopani, M. Miglierini, V. Mrazova, M. Caplovicova",Deposits of iron oxides in the human spleen
Polyhedron,0277-5387,2015,Journal article,"Kristina Matelkova, Roman Boca, Lubor Dlhan, Radovan Herchel, Jan Moncol, Ingrid Svoboda, Anna Maslejova","Dinuclear and polymeric (mu-formato)nickel(II) complexes: Synthesis, structure, spectral and magnetic properties"
Polyhedron,0277-5387,2006,Article,"R. Ivaniková, R. Boča, L. Dlháň, H. Fuess, A. Mašlejová, V. Mrázová, I. Svoboda, J. Titiš","Heteroleptic nickel(II) complexes formed from N-donor bases, carboxylic acids and water: Magnetostructural correlations"
Polyhedron,0277-5387,2015,Journal article,"Christoph Krueger, Peter Augustin, L'ubor Dlhan, Jan Pavlik, Jan Moncol', Ivan Nemec, Roman Boca, Franz Renz",Iron(III) complexes with pentadentate Schiff-base ligands: Influence of crystal packing change and pseudohalido coligand variations on spin crossover
Polyhedron,0277-5387,2011,Journal article,"Martin Vavra, Ivan Potocnak, Erik Cizmar, Marcela Kajnakova, Michal Dusek, Harry Schmidt, Mykhaylo Ozerov, Sergei A. Zvyagin, L'ubor Dlhan, Roman Boca","Low-dimensional compounds containing cyanido groups. XXI. Crystal structure, spectroscopic, thermal and magnetic properties of two polymorphous, modifications of [Cu(men)(2)Pt(CN)4](n) complex ((men) = N-methyl-1,2-diaminoethane)"
Polyhedron,0277-5387,2012,Journal article,"Martin Vavra, Ivan Potocnak, Miroslava Marhefkova, Roman Boca, L'ubor Dlhan","Low-dimensional compounds containing cyanido groups. XXII. Crystal structure, spectroscopic, thermal and magnetic properties of four Cu(II) tetracyanidoplatinates with atypical chain-like structures"
Polyhedron,0277-5387,2014,Journal article,"Lucia Vahovska, Ivan Potocnak, Svitlana Vitushkina, Michal Dusek, Jan Titis, Roman Boca","Low-dimensional compounds containing cyanido groups. XXVI. Crystal structure, spectroscopic and magnetic properties of Co(II) complexes with non-linear pseudohalide ligands"
POLYHEDRON,0277-5387,2013,Journal article,"Z. Puterova-Tokarova, V. Mrazova, R. Boca",Magnetism of novel Schiff-base copper(II) complexes derived from aminoacids
POLYHEDRON,0277-5387,2014,Journal article,"Z. Puterova-Tokarova, V. Mrazova, J. Kozisek, J. Valentova, B. Vranovicova, R. Boca",Magnetostructural correlation in tetracopper(II) cubanes
Polyhedron,0277-5387,2007,Article,"J. Titiš, R. Boča, L. Dlháň, T. Ďurčeková, H. Fuess, R. Ivaniková, V. Mrázová, B. Papánková, I. Svoboda",Magnetostructural correlations in heteroleptic nickel(II) complexes
POLYHEDRON,0277-5387,2014,Journal article,"M. Makohusova, V. Mrazova, W. Haase, R. Boca",Magnetostructural J-correlations in complexes with tetrahedro-{Cu-4} core
POLYHEDRON,0277-5387,2014,Journal article,"Danica Cechova, Alena Martiskova, Zdenka Padelkova, Lukas Gal'a, L'ubor Dlhan, Dusan Valigura, Marian Valko, Roman Boca, Jan Moncol","Manganese(II) one-dimensional coordination polymers with nitrobenzoato or nitrosalicylato bridges: Syntheses, crystal structures, and magnetic properties"
POLYHEDRON,0277-5387,2015,Journal article,"Alena Packova, Jozef Miklovic, Roman Boca",Manifold relaxation processes in a mononuclear Co(II) single-molecule magnet
POLYHEDRON,0277-5387,2010,Journal article,"Valentyna V. Semenaka, Oksana V. Nesterova, Volodymyr N. Kokozay, Roman I. Zybatyuk, Oleg V. Shishkin, Roman Boca, Carlos J. Gomez-Garcia, Juan M. Clemente-Juan, Julia Jezierska","Structural and magnetic studies of tetranuclear heterometallic M/Cr (M = Co, Mn) complexes self-assembled from zerovalent cobalt or manganese, Reineckes salt and diethanolamine"
Polyhedron,0277-5387,2005,Article,"P. Baran, M. Boča, R. Boča, A. Krutošíková, J. Miklovič, J. Pelikán, J. Titiš","Structural characterization, spectral and magnetic properties of isothiocyanate nickel(II) complexes with furopyridine derivatives"
POLYHEDRON,0277-5387,2011,Journal article,"M. Sebova, V. Jorik, J. Moncol, J. Kozisek, R. Boca",Structure and magnetism of Co(II) complexes with bidentate heterocyclic ligand Hsalbim derived from benzimidazole
POLYHEDRON,0277-5387,2011,Journal article,"J. Hudak, R. Boca, L. Dlhan, J. Kozisek, J. Moncol","Structure and magnetism of mono-, di-, and trinuclear benzoato cobalt(II) complexes"
Polyhedron,0277-5387,2013,Journal article,"Robert Uhrecky, Zdenka Padelkova, Jan Moncol, Marian Koman, L'ubor Dlhan, Jan Titis, Roman Boca","Synthesis, crystal structure, spectra and magnetic properties of new manganese(III) and iron(III) dipicolinate complexes"
POLYHEDRON,0277-5387,2013,Journal article,"Sevi Oz, Jan Titis, Hasan Nazir, Orhan Atakol, Roman Boca, Ingrid Svoboda, Hartmut Fuess","Synthesis, structure and magnetic properties of Ni(II)-Co(II) heterodinuclear complexes with ONNO type Schiff bases as ligands"
Polyhedron,0277-5387,2013,Journal article,"C. Rajnak, J. Titis, I. Salitros, R. Boca, O. Fuhr, M. Ruben",Zero-field splitting in pentacoordinate Co(II) complexes
Polyhedron,0277-5387,2012,Journal article,"M. Idesicova, L. Dlhan, J. Moncol, J. Titis, R. Boca",Zero-field splitting in tetracoordinate Co(II) complexes
Proceedings of SPIE - The International Society for Optical Engineering,0277-786X,2014,Conference Paper,"Z. Martinakova, J. Horilova, I. Lajdova, A. Marcek Chorvatova",Time-resolved fluorescence monitoring of cholesterol in peripheral blood mononuclear cells
PROCEEDINGS OF THE 11TH INTERNATIONAL CONFERENCE ON POLYSACCHARIDES-GLYCOSCIENCE,2336-6796,2015,Review,"Michaela Havrlentova, Barbora Trybulova",ACCUMULATION OF beta-D-GLUCAN IN OAT PLANTS DURING ONTOGENESIS
PROCEEDINGS OF THE 6TH INTERNATIONAL CONFERENCE ON POLYSACCHARIDES-GLYCOSCIENCE,2336-6796,2010,Review,"Jana Jurovata, Hana Sukopova, Filip Kraic, Frantisek Gago",CHEMOMETRIC EVALUATION OF WHEAT QUALITY FOR BIOFUEL PRODUCTION
PROCEEDINGS OF THE 6TH INTERNATIONAL CONFERENCE ON POLYSACCHARIDES-GLYCOSCIENCE,2336-6796,2010,Review,"Viera Horvathova, Vladimir Ondas, Katarina Tomsikova, Ernest Sturdik",FRACTIONATION OF WHEAT GROATS FOR FERMENTATIVE ETHANOL PRODUCTION
PROCEEDINGS OF THE 6TH INTERNATIONAL CONFERENCE ON POLYSACCHARIDES-GLYCOSCIENCE,2336-6796,2010,Review,"Vladimir Ondas, Kristina Vasinova, Viera Horvathova, Ernest Sturdik",LIPIDS CONTENT DECREASING FOR BETTER CORN STARCH UTILIZATION
PROCEEDINGS OF THE 9TH INTERNATIONAL CONFERENCE ON POLYSACCHARIDES-GLYCOSCIENCE,2336-6796,2013,Review,"Viera Horvathova, Lenka Duchonova, Ernest Sturdik",DEVELOPMENT OF FERMENTED LOW-ENERGY PRODUCT FROM CORNMEAL AS FOOD ADDITIVE
PROCEEDINGS OF THE 9TH INTERNATIONAL CONFERENCE ON POLYSACCHARIDES-GLYCOSCIENCE,2336-6796,2013,Review,"Lenka Duchonova, Viera Horvathova, Ernest Sturdik",DEVELOPMENT OF INNOVATIVE FOODS ENRICHED BY FERMENTED LOW-ENERGY MAIZE PRODUCT
Proceedings of the International Conference on Information Visualisation,1093-9547,2006,Conference Paper,"R. Ďurikovič, R. Kimura",GPU rendering of the thin film on paints with full spectrum
Proceedings of the International Conference on Information Visualisation,1093-9547,2006,Conference Paper,"R. Ďurikovič, K. Numata",Preserving the volume of fluid using multi-phase flow approach
Progress in Biomedical Optics and Imaging - Proceedings of SPIE,1605-7422,2015,Conference Paper,"T. Teplicky, J. Horilova, J. Bruncko, C. Gladine, I. Lajdova, A. Mateasik, D. Chorvat, A. Marcek Chorvatova",Flavin fluorescence lifetime imaging of living peripheral blood mononuclear cells on micro and nano-structured surfaces
Protoplasma,0033-183X,2014,Journal article,"Fabienne Delporte, Anna Pretova, Patrick du Jardin, Bernard Watillon",Morpho-histology and genotype dependence of in vitro morphogenesis in mature embryo cultures of wheat
RSC ADVANCES,2046-2069,2014,Journal article,"M. Keita, A. Kumar, B. Dali, E. Megnassan, M. I. Siddiqi, V. Frecer, S. Miertus",Quantitative structure-activity relationships and design of thymine-like inhibitors of thymidine monophosphate kinase of Mycobacterium tuberculosis with favourable pharmacokinetic profiles
Scientific Reports,2045-2322,2014,Journal article,"Velayudhan Ranjani, Stefan Janecek, Kian Piaw Chai, Shafinaz Shahir, Raja Noor Zaliha Raja Abdul Rahman, Kok-Gan Chan, Kian Mau Goh",Protein engineering of selected residues from conserved sequence regions of a novel Anoxybacillus alpha-amylase
SPECTROCHIMICA ACTA PART B-ATOMIC SPECTROSCOPY,0584-8547,2016,Journal article,"Lubomir Machynak, Frantisek Cacho, Martin Nemecek, Ernest Beinrohr",Determination of trace concentrations of chlorine in aqueous solutions by high-resolution continuum source graphite furnace molecular absorption spectrometry
Studia Pneumologica et Phthiseologica,1213-810X,2007,Article,"D. Kavková, E. Varmusová, I. Tudík, J. Mocák, B. Balla",Diagnostic value of a linear combination of CYFRA 21-1 and carcinoembryonic antigen in malignant pleural effusions [Využitie multikomponentu nádorových markerov na zlepšenie ich diagnostickej výt'ažnosti v diferenciálnej diagnostike malígnych pleurálnych výpotkov]
Talanta,0039-9140,2014,Journal article,Jozef Uhrovcik,Strategy for determination of LOD and LOQ values - Some basic aspects
Tetrahedron,0040-4020,2010,Journal article,"Margita Lacova, Renata Gasparova, Pavol Kois, Andrej Bohac, Hafez M. El-Shaaer","A facile route to phenyl, phenylsulfanyl and phenylselanyl substituted pyrano[3,2-c]chromenes"
Tetrahedron,0040-4020,2001,Article,"M.K. Cyrański, T.M. Krygowski, A. Krutošíková, R. Sleziak","Aromaticity of dihetero analogues of pentalene dianion. X-ray and ab initio studies of eight methyl furo[3,2-b]pyrrole-5-carboxylate derivatives and five methyl furo[2,3-b]pyrrole-5-carboxylate derivatives"
The Scientific World Journal,1537-744X,2012,Journal article,"Renata Gasparova, Jan Titis, Filip Kraic","Synthesis of Furo[3,2-b]pyrrole-5-carboxhydrazides and Their Cu, CO and Ni Complexes"
TOPOLOGICAL METHODS IN NONLINEAR ANALYSIS,1230-3429,2005,Journal article,"V Durikovic, M Durikovicova",Topological structure of solution sets to parabolic problems
Transition Metal Chemistry,0340-4285,2008,Journal article,"Peter Segl'a, Jozef Miklovic, Dusan Miklos, Jan Titis, Radovan Herchel, Jan Moncol, Barbora Kalinakova, Daniela Hudecova, Viera Mrazova, Tadeusz Lis, Milan Melnik","Crystal structure, spectroscopic and magnetic properties, and antimicrobial activities of cobalt(II) 2-methylthionicotinate complexes with N-heterocyclic ligands"
Transition Metal Chemistry,0340-4285,2009,Article,"P. Segl'a, J. Miklovič, D. Mikloš, V. Mrázová, L. Krupková, D. Hudecová, Z. Ondrušová, J. Švorec, J. Moncol, M. Melník","Synthesis, spectroscopic properties, crystal structure and biological activities of copper(II) 2-methylthionicotinate complexes with furopyridines"
WSEAS Transactions on Computers,1109-2750,2010,Article,L. Huraj,Toward a unique person identifier model in the Slovak Republic
WSEAS Transactions on Information Science and Applications,1790-0832,2010,Article,"L. Huraj, V. Siládi, J. Siláči",Comparison of design and performance of snow cover computing on GPUs and multi-core processors
Zeitschrift fur Naturforschung - Section C Journal of Biosciences,0939-5075,2006,Article,"A. Jedinák, M. Mučková, D. Košt'álová, T. Maliar, I. Mašterová",Antiprotease and antimetastatic activity of ursolic acid isolated from Salvia officinalis
Zywnosc. Nauka. Technologia. Jakosc/Food. Science Technology. Quality,1425-6959,2010,Article,"D. Dvončová, M. Havrlentová, A. Hlinková, P. Hozlár",Effect of fertilization and variety on the β-glucan content in the grain of oats
